Unnamed: 0, namsinh, gioitinh, noisinh, lopsh, khoa, hedt, khoahoc, chuyennganh2,dien_tt,diem_tt,dtbhk1,dtbhk2,dtbhk3,dtbhk4,dtbhk5,dtbhk6,dtbhk7,dtbhkh1,dtbhkh2,dtbhkh3,stchk1,stchk2,stchk3,stchk4,stchk5,stchk6,stchk7,stchkh1,stchkh2,stchkh3,sotc_tichluy,hoclaihk1,hoclaihk2,hoclaihk3,hoclaihk4,hoclaihk5,hoclaihk6,hoclaihk7,hoclaihkh1,hoclaihkh2,hoclaihkh3,AVHK1,AVHK2,AVHKH1,AVHK3,AVHK4,AVHKH2,AVHK5,AVHK6,AVHKH3,AVHK7,drlhk1,drlhk2,drlhk3,drlhk4,drlhk5,drlhk6,drlhk7, xeploai,cluster
1279,1998.0,1.0,Thanh Hóa,KHMT2016.1,KHMT,0,11.0,D480101,0.0,22.5,0.6948453608247424,0.5737874097007224,0.8158995815899581,7.25,7.54,6.85,7.65,0.0,0.0,0.0,0.0,0.0,0.0,17,21,23,19,19,21,16,144.0,0.0,4.0,0.0,0.0,0.0,0.0,0.0,0.0,0.0,0.0,2,4,4,4,4,4,4,4,4,4,56,62,78,68,80,85,79,1,0
561,1996.0,1.0,Quảng Nam,KTMT0001,KTMT,0,9.0,D520214,-1.0,-1.0,0.777319587628866,0.4416924664602684,0.760460251046025,6.45,6.6,6.56,7.52,0.0,0.0,0.0,0.0,0.0,0.0,13,20,23,23,20,18,17,151.0,0.0,16.0,0.0,1.0,0.0,4.0,0.0,0.0,0.0,0.0,2,2,2,2,2,2,2,2,2,2,67,51,80,70,62,69,76,0,0
173,1995.0,1.0,Nghệ An,MMTT2013,MMT&TT,0,8.0,D480102,0.0,26.0,0.6721649484536083,0.5108359133126935,0.8138075313807531,7.06,8.08,7.26,7.03,0.0,0.0,0.0,0.0,0.0,0.0,22,19,18,23,16,14,18,151.0,0.0,4.0,0.0,4.0,0.0,0.0,0.0,0.0,0.0,0.0,2,3,3,4,4,4,4,4,4,4,94,70,81,78,93,77,62,0,0
475,1996.0,1.0,Khánh Hoà,HTTT2014,HTTT,0,9.0,D480104,-1.0,-1.0,0.663917525773196,0.5500515995872034,0.7981171548117154,7.06,6.72,6.71,7.46,0.0,0.0,0.0,0.0,0.0,0.0,17,24,23,27,20,21,18,156.0,3.0,8.0,0.0,0.0,0.0,0.0,0.0,0.0,0.0,0.0,2,3,3,4,4,4,4,4,4,4,67,67,88,61,62,66,76,0,0
1529,1998.0,1.0,Hồ Chí Minh,KHMT0001,KHMT,0,11.0,D480101,0.0,22.25,0.720618556701031,0.43240454076367396,0.8242677824267782,8.45,8.15,7.18,7.26,0.0,0.0,0.0,0.0,0.0,0.0,17,19,24,24,23,16,19,142.0,0.0,7.0,0.0,0.0,0.0,0.0,0.0,0.0,0.0,0.0,2,4,4,4,4,4,4,4,4,4,69,76,85,80,81,75,88,1,0
1158,1997.0,1.0,Hồ Chí Minh,KTMT0001,KTMT,0,10.0,D520214,-1.0,-1.0,0.7948453608247423,0.8183694530443757,0.8274058577405857,7.07,7.5,7.43,8.12,0.0,0.0,0.0,0.0,0.0,0.0,17,21,22,21,16,16,17,148.0,0.0,0.0,0.0,0.0,0.0,0.0,0.0,0.0,0.0,0.0,2,4,4,4,4,4,4,4,4,4,94,75,66,80,76,80,85,1,1
2252,2000.0,1.0,Hồ Chí Minh,MTCL2018.1,KTMT,1,13.0,D520214,0.0,20.55,0.7896907216494846,0.846233230134159,0.8127615062761505,7.56,7.58,8.93,8.38,0.0,0.0,0.0,0.0,0.0,0.0,21,20,23,19,20,14,10,146.0,8.0,0.0,1.0,0.0,0.0,0.0,0.0,0.0,0.0,0.0,4,5,5,6,6,6,6,6,6,6,75,83,94,84,84,95,100,1,1
1689,1999.0,1.0,Quảng Nam,KHTN2017,KHMT,3,12.0,D480101,0.0,25.0,0.7793814432989691,0.8503611971104232,0.8619246861924686,8.26,8.06,9.59,9.3,0.0,0.0,0.0,0.0,0.0,0.0,16,19,21,24,20,14,10,136.0,0.0,0.0,8.0,0.0,0.0,4.0,0.0,0.0,0.0,0.0,2,2,2,3,3,3,3,3,3,4,76,85,100,85,100,100,100,1,1
2423,2000.0,1.0,Lâm Đồng,CNTT2018,KTTT,0,13.0,D480201,0.0,22.65,0.8195876288659795,0.8617131062951496,0.8430962343096234,7.68,8.09,7.96,7.44,0.0,0.0,0.0,0.0,0.0,0.0,20,16,16,16,18,17,16,137.0,8.0,0.0,0.0,0.0,0.0,0.0,2.0,0.0,0.0,0.0,4,4,4,4,4,4,4,4,4,4,86,85,100,100,84,100,89,0,1
2076,1999.0,1.0,Hồ Chí Minh,MMCL2017,MMT&TT,1,12.0,D480102,0.0,20.5,0.7927835051546392,0.8761609907120744,0.850418410041841,7.86,8.51,8.51,9.2,0.0,0.0,0.0,0.0,0.0,0.0,18,22,22,20,21,16,16,145.0,0.0,0.0,0.0,0.0,0.0,0.0,0.0,0.0,0.0,0.0,2,4,4,4,5,5,6,6,6,6,73,73,68,78,95,88,100,2,1
894,1997.0,1.0,Đồng Nai,HTTT0001,HTTT,0,10.0,D480104,-1.0,-1.0,0.8876288659793815,0.8555211558307533,0.8368200836820083,7.08,7.67,7.76,5.78,8.25,0.0,0.0,0.8333333333333333,0.0,0.0,17,22,27,20,18,18,13,165.0,4.0,0.0,0.0,0.0,0.0,0.0,4.0,0.0,0.0,0.0,4,4,4,4,4,4,4,4,4,4,91,76,66,76,80,80,69,1,2
386,1995.0,1.0,Cần Thơ,KTPM0001,CNPM,0,8.0,D480103,0.0,27.5,0.7051546391752578,0.802889576883385,0.8734309623430961,8.05,8.7,7.35,7.72,9.5,0.0,0.0,0.5833333333333333,0.0,0.0,22,18,24,21,15,17,20,161.0,8.0,0.0,0.0,0.0,0.0,0.0,0.0,0.0,0.0,0.0,2,3,3,4,4,4,4,4,4,4,90,86,86,84,84,75,44,2,2
23,1995.0,1.0,Bến Tre,HTTT2013,HTTT,0,8.0,D480104,0.0,32.0,0.7474226804123711,0.8379772961816305,0.8619246861924686,8.3,7.39,8.1,8.54,8.25,0.0,0.0,0.6666666666666666,0.0,0.0,22,21,23,18,18,16,14,153.0,0.0,0.0,0.0,0.0,0.0,0.0,0.0,0.0,0.0,0.0,2,3,3,4,4,4,4,4,4,4,84,80,82,82,96,69,71,2,2
333,1995.0,1.0,Lâm Đồng,KTPM0001,CNPM,0,8.0,D480103,0.0,30.0,0.7474226804123711,0.6388028895768835,0.7447698744769874,7.71,8.03,6.15,7.72,8.0,0.0,0.0,0.6666666666666666,0.0,0.0,22,21,25,19,15,15,10,155.0,0.0,0.0,0.0,0.0,0.0,0.0,0.0,0.0,0.0,0.0,2,3,3,4,4,4,4,4,4,4,89,86,62,84,77,77,58,1,2
221,1995.0,0.0,Quảng Bình,MMTT2013,MMT&TT,0,8.0,D480102,0.0,24.5,0.7680412371134021,0.8410732714138288,0.910041841004184,8.69,8.59,8.78,8.76,7.86,0.0,0.0,0.5833333333333333,0.0,0.0,22,20,25,15,15,18,15,155.0,0.0,0.0,0.0,0.0,0.0,0.0,0.0,0.0,0.0,0.0,2,3,3,4,4,4,4,4,4,4,100,86,100,79,86,78,78,2,2
2044,1999.0,1.0,Đắk Lắk,KTMT2017,KTMT,0,12.0,D520214,0.0,25.25,0.7278350515463917,0.7100103199174407,0.7656903765690376,8.02,7.75,7.91,8.02,0.0,8.3,0.0,0.0,0.3333333333333333,0.0,21,20,22,20,18,14,9,139.0,0.0,4.0,0.0,0.0,0.0,0.0,0.0,0.0,0.0,0.0,2,4,4,4,4,4,4,4,4,4,76,75,80,85,100,91,85,1,3
2088,1999.0,0.0,Long An,MMCL2017,MMT&TT,1,12.0,D480102,0.0,19.75,0.7113402061855671,0.6965944272445821,0.7186192468619247,6.45,6.88,7.12,7.36,0.0,5.6,0.0,0.0,0.3333333333333333,0.0,14,19,24,21,21,21,14,140.0,0.0,4.0,0.0,4.0,4.0,0.0,0.0,0.0,0.0,0.0,2,2,2,2,3,3,3,3,3,3,73,68,85,90,72,86,84,0,3
543,1996.0,1.0,Bình Thuận,CNTT0001,KTTT,0,9.0,D480201,-1.0,-1.0,0.7216494845360826,0.6955624355005161,0.653765690376569,6.23,7.15,6.92,6.97,0.0,10.0,0.0,0.0,0.3333333333333333,0.0,17,21,20,24,24,19,17,139.0,0.0,0.0,4.0,9.0,0.0,0.0,0.0,0.0,0.0,0.0,2,3,3,3,3,3,3,4,4,4,85,82,71,75,66,67,80,0,3
1150,1997.0,1.0,Đồng Nai,CNTT2015,KTTT,0,10.0,D480201,-1.0,-1.0,0.829896907216495,0.6212590299277606,0.6182008368200836,6.96,6.16,7.4,7.6,0.0,6.6,0.0,0.0,0.3333333333333333,0.0,13,21,23,20,20,21,15,139.0,0.0,4.0,4.0,0.0,0.0,0.0,0.0,0.0,0.0,0.0,2,2,2,2,4,4,4,4,4,4,81,77,74,85,90,75,76,0,3
1830,1999.0,1.0,Nghệ An,KTMT2017,KTMT,0,12.0,D520214,0.0,25.5,0.7257731958762887,0.7801857585139319,0.7719665271966527,7.34,7.25,6.38,6.97,0.0,6.6,0.0,0.0,0.3333333333333333,0.0,17,24,21,21,20,18,7,146.0,0.0,0.0,0.0,0.0,0.0,4.0,0.0,0.0,0.0,0.0,2,2,2,2,2,2,3,3,3,4,77,100,85,85,83,75,81,1,3
65,1995.0,1.0,An Giang,MMTT0001,MMT&TT,0,8.0,D480299,0.0,24.5,0.6206185567010309,0.3508771929824562,0.5930962343096234,6.04,7.69,6.68,6.69,0.0,6.66,7.2,0.0,0.5833333333333333,0.36363636363636365,22,21,29,23,20,14,22,149.0,3.0,19.0,10.0,3.0,0.0,4.0,0.0,0.0,0.0,0.0,2,2,2,2,2,2,2,2,2,4,64,72,84,66,85,66,64,1,4
69,1995.0,1.0,Quảng Ngãi,MMTT2013,MMT&TT,0,8.0,D480102,0.0,26.5,0.7237113402061855,0.3168214654282766,0.6370292887029289,6.46,7.53,8.54,8.38,0.0,8.59,8.9,0.0,0.5833333333333333,0.36363636363636365,22,21,22,26,26,21,15,151.0,0.0,21.0,3.0,7.0,3.0,0.0,0.0,0.0,0.0,0.0,2,2,2,2,2,2,4,4,4,4,80,59,76,67,81,73,66,0,4
595,1996.0,1.0,Quảng Nam,KTMT0001,KTMT,0,9.0,D520214,-1.0,-1.0,0.6061855670103093,0.41898864809081526,0.6317991631799162,6.75,6.8,6.13,6.99,0.0,7.37,7.6,0.0,0.5833333333333333,0.36363636363636365,17,19,20,24,20,19,18,148.0,7.0,11.0,4.0,5.0,0.0,4.0,0.0,0.0,0.0,0.0,2,2,2,3,4,4,4,4,4,4,69,49,77,75,65,57,78,0,4
469,1996.0,1.0,Đồng Tháp,CNTT0001,KTTT,0,9.0,D480201,-1.0,-1.0,0.7216494845360826,0.2105263157894737,0.6192468619246861,6.94,7.89,7.59,7.56,0.0,8.04,8.4,0.0,0.5833333333333333,0.36363636363636365,13,15,20,23,23,22,22,139.0,0.0,15.0,4.0,4.0,0.0,0.0,0.0,0.0,0.0,0.0,2,2,2,2,2,2,2,3,3,4,80,58,59,81,69,78,80,0,4
201,1995.0,1.0,Minh Hải,KHMT2013,KHMT,0,8.0,D480101,0.0,23.5,0.6041237113402063,0.0,0.5784518828451883,6.24,5.87,6.94,7.01,0.0,6.4,4.3,0.0,0.3333333333333333,0.36363636363636365,22,0,19,20,25,23,27,142.0,3.0,0.0,4.0,0.0,7.0,0.0,0.0,0.0,0.0,4.0,2,2,2,4,4,4,4,4,4,4,61,57,60,88,70,68,70,0,4
1957,1999.0,1.0,Hồ Chí Minh,ATCL2017,MMT&TT,1,12.0,D480299,0.0,23.0,0.6711340206185568,0.7492260061919505,0.6861924686192468,7.04,7.37,7.39,7.55,9.0,0.0,0.0,0.25,0.0,0.0,20,20,24,18,15,17,11,139.0,3.0,0.0,0.0,0.0,0.0,0.0,0.0,0.0,0.0,0.0,2,4,4,4,4,4,5,5,5,5,73,68,78,83,86,74,74,1,5
1312,1998.0,1.0,Bến Tre,HTTT0001,HTTT,1,11.0,D480104,0.0,20.75,0.654639175257732,0.6800825593395253,0.747907949790795,7.29,7.22,6.98,7.74,8.4,0.0,0.0,0.3333333333333333,0.0,0.0,15,15,24,24,24,17,17,154.0,8.0,3.0,0.0,0.0,0.0,0.0,0.0,0.0,0.0,0.0,1,2,2,2,4,4,4,4,4,4,77,73,86,85,68,68,90,0,5
531,1996.0,1.0,Đắk Lắk,KHMT0001,KHMT,0,9.0,D480101,-1.0,-1.0,0.654639175257732,0.781217750257998,0.5836820083682008,6.65,7.62,7.41,8.41,8.3,0.0,0.0,0.25,0.0,0.0,17,24,24,19,24,22,15,145.0,3.0,0.0,6.0,4.0,0.0,0.0,0.0,0.0,0.0,0.0,2,3,3,3,4,4,4,4,4,4,83,94,81,69,72,57,85,0,5
1991,1999.0,1.0,Hồ Chí Minh,ATCL2017,MMT&TT,1,12.0,D480299,0.0,21.75,0.6329896907216495,0.7450980392156863,0.6945606694560669,7.53,7.61,7.56,7.18,6.9,0.0,0.0,0.25,0.0,0.0,20,24,21,16,15,16,14,140.0,7.0,0.0,0.0,0.0,0.0,0.0,0.0,0.0,0.0,0.0,4,5,5,5,5,5,6,6,6,6,78,68,68,83,83,79,72,0,5
233,1995.0,1.0,Sông Bé,KHMT2013,KHMT,0,8.0,D480101,0.0,27.0,0.6072164948453609,0.6976264189886481,0.6506276150627615,7.49,7.9,8.9,8.35,7.0,0.0,0.0,0.25,0.0,0.0,22,19,23,24,16,16,16,146.0,3.0,0.0,0.0,0.0,0.0,0.0,0.0,0.0,0.0,0.0,2,3,3,4,4,4,4,4,4,4,65,92,90,85,88,75,90,1,5
891,1997.0,0.0,Bình Thuận,HTTT2015,HTTT,0,10.0,D480104,-1.0,-1.0,0.8391752577319589,0.716202270381837,0.8556485355648535,7.39,7.75,7.71,8.03,0.0,0.0,9.7,0.0,0.0,0.2727272727272727,17,24,22,17,16,19,17,153.0,0.0,0.0,0.0,0.0,0.0,0.0,0.0,0.0,0.0,0.0,2,4,4,4,4,4,4,4,4,4,81,84,76,82,90,80,80,1,6
1290,1997.0,1.0,Hồ Chí Minh,MMTT0001,MMT&TT,2,11.0,D480299,0.0,23.25,0.845360824742268,0.8173374613003096,0.8493723849372383,7.29,7.88,8.29,7.82,0.0,0.0,8.7,0.0,0.0,0.2727272727272727,19,21,21,19,18,16,18,151.0,0.0,0.0,0.0,0.0,0.0,0.0,0.0,0.0,0.0,0.0,2,4,4,4,4,4,4,4,4,4,68,80,90,90,81,90,94,2,6
877,1997.0,1.0,Quảng Nam,KTPM0001,CNPM,1,10.0,D480103,-1.0,-1.0,0.8226804123711341,0.8204334365325078,0.910041841004184,6.35,7.48,7.57,8.11,0.0,0.0,4.0,0.0,0.0,0.2727272727272727,19,23,19,17,19,19,17,157.0,0.0,0.0,0.0,4.0,3.0,0.0,0.0,0.0,0.0,3.0,2,4,4,4,4,4,4,4,4,4,89,84,74,90,85,85,86,0,6
1511,1998.0,0.0,Hồ Chí Minh,MMTT0001,MMT&TT,0,11.0,D480102,0.0,22.0,0.8494845360824743,0.736842105263158,0.897489539748954,8.2,8.04,8.34,8.05,0.0,0.0,9.5,0.0,0.0,0.2727272727272727,17,21,19,21,20,19,20,173.0,0.0,0.0,0.0,0.0,0.0,0.0,0.0,0.0,0.0,0.0,2,4,4,4,4,4,4,4,4,4,81,90,90,85,85,95,100,2,6
709,1996.0,1.0,Hồ Chí Minh,KTPM0001,CNPM,0,9.0,D480103,-1.0,-1.0,0.9340206185567012,0.8916408668730651,0.9382845188284519,7.84,6.32,7.39,8.01,0.0,0.0,9.0,0.0,0.0,0.2727272727272727,17,22,21,24,17,15,15,155.0,0.0,0.0,0.0,0.0,3.0,0.0,0.0,0.0,0.0,0.0,2,3,3,4,4,4,4,4,4,4,83,78,83,73,60,68,76,2,6
2793,2001.0,1.0,Hồ Chí Minh,ATCL2019.1,MMT&TT,1,14.0,D480299,5.0,824.0,0.5896907216494846,0.7481940144478845,0.6956066945606695,7.45,8.07,7.49,8.58,0.0,0.0,0.0,0.0,0.0,0.0,20,19,17,22,21,16,16,142.0,19.0,0.0,0.0,2.0,0.0,0.0,0.0,0.0,0.0,0.0,6,6,6,6,6,6,6,6,6,6,83,90,100,90,100,100,100,0,7
0,1995.0,1.0,Hồ Chí Minh,KTPM0001,CNPM,0,8.0,D480103,0.0,31.0,0.6206185567010309,0.7254901960784315,0.6694560669456067,7.01,6.35,6.77,6.24,0.0,0.0,0.0,0.0,0.0,0.0,22,18,26,19,20,19,16,155.0,5.0,0.0,5.0,0.0,3.0,0.0,4.0,0.0,0.0,0.0,2,3,3,4,4,4,4,4,4,4,95,77,74,82,92,78,64,0,7
2413,1999.0,1.0,Gia Lai,KHCL2018.1,KHMT,1,13.0,D480101,0.0,20.5,0.5793814432989691,0.7296181630546956,0.8274058577405857,8.25,8.59,5.41,7.92,0.0,0.0,0.0,0.0,0.0,0.0,20,15,16,20,21,19,23,142.0,8.0,0.0,0.0,0.0,0.0,0.0,4.0,0.0,0.0,0.0,4,4,4,4,4,4,4,4,4,4,85,80,90,90,100,100,94,0,7
1674,1999.0,1.0,Đồng Nai,PMCL2017.3,CNPM,1,12.0,D480103,0.0,24.5,0.5989690721649484,0.7739938080495357,0.5679916317991631,7.34,6.33,6.27,6.87,0.0,0.0,0.0,0.0,0.0,0.0,20,20,23,23,24,20,14,148.0,8.0,0.0,4.0,0.0,3.0,4.0,0.0,0.0,0.0,0.0,4,4,4,4,5,5,6,6,6,6,80,75,80,75,81,72,77,0,7
392,1995.0,0.0,Nghệ An,ANTT2013,MMT&TT,0,8.0,D480299,0.0,26.0,0.6628865979381443,0.7275541795665635,0.7510460251046025,7.84,7.48,7.85,7.8,0.0,0.0,0.0,0.0,0.0,0.0,22,19,24,17,16,17,18,157.0,3.0,0.0,0.0,0.0,0.0,0.0,0.0,0.0,0.0,0.0,2,3,3,4,4,4,4,4,4,4,88,96,94,87,95,91,83,1,7
599,1996.0,0.0,Hồ Chí Minh,MMTT2014,MMT&TT,0,9.0,D480102,-1.0,-1.0,0.5515463917525774,0.6326109391124871,0.8221757322175732,8.06,7.82,8.01,7.88,8.13,7.1,0.0,0.5833333333333333,0.25,0.0,17,20,24,24,16,20,14,149.0,10.0,7.0,0.0,0.0,0.0,0.0,0.0,0.0,0.0,0.0,2,3,3,3,4,4,4,4,4,4,93,88,98,87,81,85,85,0,8
644,1996.0,1.0,Hồ Chí Minh,CNTT0001,KTTT,0,9.0,D480201,-1.0,-1.0,0.6453608247422681,0.7698658410732715,0.7238493723849372,7.23,8.15,7.6,7.92,9.74,8.0,0.0,0.5833333333333333,0.25,0.0,17,21,26,18,19,19,16,141.0,7.0,3.0,5.0,0.0,0.0,0.0,0.0,0.0,0.0,0.0,2,3,3,4,4,4,4,4,4,4,100,99,98,98,94,100,85,0,8
60,1995.0,1.0,Hồ Chí Minh,TMĐT2013,HTTT,0,8.0,D52480104,0.0,25.5,0.6701030927835052,0.6790505675954593,0.6161087866108786,7.99,8.01,6.11,6.85,7.0,8.3,0.0,0.5833333333333333,0.25,0.0,22,18,19,23,22,29,6,153.0,3.0,0.0,3.0,0.0,0.0,7.0,0.0,0.0,0.0,0.0,2,3,3,4,4,4,4,4,4,4,69,77,91,84,95,64,66,0,8
1432,1998.0,1.0,Hồ Chí Minh,CNTT0001,KTTT,0,11.0,D480201,0.0,23.5,0.7556701030927836,0.7409700722394221,0.7552301255230125,8.13,7.52,9.05,8.96,8.05,8.9,0.0,0.5,0.3333333333333333,0.0,15,15,24,24,20,16,17,141.0,7.0,7.0,0.0,0.0,0.0,0.0,0.0,0.0,0.0,0.0,0,2,2,2,4,4,4,4,4,4,73,90,100,85,91,85,100,1,8
318,1994.0,0.0,Quảng Nam,HTTT0001,HTTT,0,8.0,D52480104,0.0,25.5,0.6793814432989691,0.7564499484004129,0.7510460251046025,7.56,7.52,7.71,7.4,8.29,6.4,0.0,0.5833333333333333,0.3333333333333333,0.0,22,18,17,18,29,23,12,156.0,0.0,4.0,0.0,0.0,0.0,0.0,0.0,0.0,0.0,0.0,2,2,2,2,2,2,4,4,4,4,100,98,77,100,77,83,81,1,8
150,1995.0,1.0,Hồ Chí Minh,HTTT0001,HTTT,0,8.0,D480104,0.0,24.5,0.45257731958762887,0.6171310629514964,0.6202928870292886,5.46,6.68,6.96,7.17,6.55,8.5,7.6,0.8333333333333333,0.3333333333333333,0.2727272727272727,22,21,30,20,23,18,25,153.0,15.0,8.0,4.0,7.0,4.0,0.0,0.0,0.0,0.0,0.0,2,3,3,4,4,4,4,4,4,4,80,66,71,86,84,58,74,0,9
2,1995.0,1.0,Quảng Ngãi,HTTT0001,HTTT,0,8.0,D52480104,0.0,26.0,0.4309278350515464,0.5882352941176471,0.5543933054393305,4.38,5.66,5.06,6.31,2.45,5.81,7.59,0.8333333333333333,0.5833333333333333,0.6363636363636364,22,20,25,17,28,26,20,154.0,10.0,7.0,8.0,11.0,4.0,7.0,0.0,10.0,0.0,0.0,2,3,3,4,4,4,4,4,4,4,97,72,81,61,90,58,56,0,9
360,1995.0,1.0,Đắk Lắk,CNTT2013,KTTT,0,8.0,D480201,0.0,24.0,0.5360824742268042,0.5015479876160991,0.559623430962343,5.63,6.56,6.01,5.1,6.73,7.8,7.1,0.9166666666666666,0.25,0.36363636363636365,22,22,24,19,19,18,20,139.0,11.0,12.0,7.0,4.0,0.0,0.0,0.0,0.0,0.0,0.0,0,0,0,2,3,3,4,4,4,4,69,82,83,77,80,75,74,0,9
362,1995.0,1.0,Hồ Chí Minh,KHMT0001,KHMT,0,8.0,D480101,0.0,25.5,0.42886597938144333,0.5294117647058824,0.5941422594142259,6.36,5.45,3.98,5.92,4.9,4.2,5.3,0.8333333333333333,0.3333333333333333,0.36363636363636365,22,16,22,25,16,19,20,142.0,18.0,8.0,0.0,0.0,0.0,4.0,0.0,4.0,4.0,0.0,2,3,3,4,4,4,4,4,4,4,61,69,62,67,81,72,69,0,9
55,1995.0,1.0,Hồ Chí Minh,KHMT2013,KHMT,0,8.0,D480101,0.0,28.0,0.5103092783505155,0.6924664602683179,0.5732217573221757,6.47,6.62,8.38,7.98,7.67,6.1,6.8,0.75,0.3333333333333333,0.36363636363636365,22,19,26,22,24,14,16,143.0,14.0,0.0,8.0,3.0,4.0,0.0,0.0,0.0,0.0,0.0,2,3,3,3,3,3,3,3,3,3,87,90,75,75,69,77,64,0,9
549,1995.0,1.0,Hồ Chí Minh,CNTT0001,KTTT,0,9.0,D480201,-1.0,-1.0,0.7855670103092784,0.6439628482972137,0.6694560669456067,6.36,6.84,6.25,6.63,0.0,0.0,7.4,0.0,0.0,0.36363636363636365,17,19,25,16,21,18,23,142.0,0.0,3.0,8.0,0.0,0.0,0.0,0.0,0.0,0.0,0.0,2,3,3,3,3,3,3,3,3,3,99,65,78,66,58,61,60,0,10
1333,1998.0,1.0,Hồ Chí Minh,KHMT0001,KHMT,0,11.0,D480101,0.0,23.25,0.8329896907216495,0.5356037151702787,0.7144351464435146,4.01,6.92,7.5,5.93,0.0,0.0,6.3,0.0,0.0,0.36363636363636365,19,21,23,19,20,23,24,143.0,0.0,11.0,0.0,12.0,4.0,4.0,8.0,0.0,0.0,0.0,2,4,4,4,4,4,4,4,4,4,98,92,100,85,76,85,75,1,10
1600,1998.0,1.0,Quảng Nam,KHMT0001,KHMT,0,11.0,D480101,0.0,21.0,0.8041237113402062,0.5077399380804953,0.805439330543933,6.33,6.72,7.41,7.43,0.0,0.0,5.7,0.0,0.0,0.36363636363636365,13,15,23,24,22,19,23,144.0,4.0,8.0,0.0,3.0,0.0,0.0,0.0,0.0,0.0,0.0,0,2,2,2,2,2,3,3,3,4,67,71,85,80,80,75,74,0,10
393,1995.0,1.0,Nghệ An,MMTT0001,MMT&TT,0,8.0,D480299,0.0,29.5,0.7329896907216495,0.6243550051599588,0.7688284518828451,7.81,7.3,8.4,7.18,0.0,0.0,8.8,0.0,0.0,0.2727272727272727,18,21,22,19,22,14,19,150.0,0.0,4.0,0.0,0.0,0.0,0.0,0.0,0.0,0.0,0.0,2,2,2,2,2,2,3,3,3,4,98,80,83,90,75,82,70,1,10
1450,1998.0,1.0,Bà Rịa - Bà Rịa - Vũng Tàu,HTTT0001,HTTT,1,11.0,D480104,0.0,21.0,0.6608247422680413,0.5964912280701755,0.7897489539748953,7.84,7.0,7.39,8.27,0.0,0.0,7.9,0.0,0.0,0.36363636363636365,19,17,20,20,20,19,17,155.0,0.0,4.0,0.0,0.0,0.0,0.0,0.0,0.0,0.0,0.0,2,2,2,2,2,2,2,3,3,3,70,76,80,75,80,75,90,1,10
474,1996.0,1.0,Long An,KTPM0001,CNPM,1,9.0,D480103,-1.0,-1.0,0.743298969072165,0.7079463364293086,0.7332635983263598,8.09,7.04,7.39,7.6,0.0,0.0,0.0,0.0,0.0,0.0,24,19,18,18,14,19,17,155.0,0.0,0.0,0.0,0.0,0.0,0.0,0.0,0.0,0.0,0.0,2,3,3,3,4,4,4,4,4,4,80,81,77,71,62,63,73,1,11
1706,1999.0,1.0,Đồng Nai,MTCL2017.2,KTMT,1,12.0,D520214,0.0,22.0,0.7175257731958763,0.7925696594427245,0.7311715481171548,7.23,6.41,6.06,7.47,0.0,0.0,0.0,0.0,0.0,0.0,17,22,19,21,20,16,17,148.0,0.0,0.0,0.0,0.0,0.0,0.0,0.0,0.0,0.0,0.0,2,4,4,4,5,5,5,5,5,5,85,90,80,80,72,72,81,1,11
1948,1999.0,0.0,Quảng Trị,CNTT2017,KTTT,0,12.0,D480201,0.0,25.75,0.709278350515464,0.7327141382868937,0.7259414225941423,7.69,8.01,7.94,7.42,0.0,0.0,0.0,0.0,0.0,0.0,20,22,19,17,23,15,15,135.0,3.0,0.0,0.0,0.0,0.0,0.0,0.0,0.0,0.0,0.0,2,4,4,4,4,4,4,4,4,4,100,95,100,100,100,100,96,1,11
2160,2000.0,0.0,Hồ Chí Minh,HTCL2018.1,HTTT,1,13.0,D480104,4.0,26.8,0.743298969072165,0.7069143446852425,0.6715481171548117,7.42,7.4,7.81,7.31,0.0,0.0,0.0,0.0,0.0,0.0,19,19,15,20,16,18,16,151.0,4.0,0.0,0.0,0.0,0.0,12.0,0.0,0.0,0.0,0.0,3,3,3,3,3,3,3,6,6,6,85,78,91,84,73,66,75,0,11
3176,2001.0,1.0,Bình Định,PMCL2019.3,CNPM,1,14.0,D480103,0.0,23.75,0.7649484536082475,0.7678018575851394,0.7353556485355649,7.25,8.46,7.82,7.88,0.0,0.0,0.0,0.0,0.0,0.0,17,21,21,22,20,18,18,149.0,0.0,0.0,0.0,0.0,0.0,0.0,0.0,0.0,0.0,0.0,1,2,2,2,3,3,3,3,3,3,100,89,93,96,100,99,79,1,11
171,1995.0,1.0,Thanh Hoá,KHMT0001,KHMT,0,8.0,D480101,0.0,25.0,0.4030927835051547,0.27966976264189886,0.5052301255230125,5.37,6.43,5.63,6.29,0.0,3.44,6.47,0.0,0.8333333333333333,0.6363636363636364,22,24,18,22,22,23,21,142.0,17.0,22.0,11.0,4.0,3.0,4.0,0.0,0.0,10.0,0.0,0,0,0,0,0,0,0,2,2,4,59,57,78,81,81,63,68,0,12
1622,1998.0,1.0,Quảng Ngãi,CNTT2016,KTTT,0,11.0,D480201,0.0,22.5,0.48453608247422686,0.2321981424148607,0.7562761506276151,6.3,7.3,6.88,7.4,0.0,7.64,7.75,0.0,0.5833333333333333,0.7272727272727273,15,15,21,24,23,23,20,141.0,14.0,15.0,0.0,0.0,0.0,0.0,0.0,0.0,0.0,0.0,0,2,2,2,4,4,4,4,4,4,74,68,74,85,76,75,89,1,12
208,1995.0,1.0,Hồ Chí Minh,KHMT0001,KHMT,0,8.0,D480101,0.0,24.5,0.44742268041237115,0.3281733746130031,0.5198744769874476,5.77,5.13,5.85,4.94,0.0,5.49,6.1,0.0,0.5833333333333333,0.5454545454545454,22,19,29,22,22,17,25,146.0,13.0,11.0,16.0,4.0,4.0,0.0,11.0,0.0,3.0,0.0,2,2,2,3,4,4,4,4,4,4,65,63,70,39,73,58,61,0,12
79,1995.0,1.0,Quảng Ngãi,CNTT0001,KTTT,0,8.0,D480201,0.0,26.0,0.3278350515463918,0.35603715170278644,0.6182008368200836,5.93,6.59,3.78,5.83,0.0,6.01,6.4,0.0,0.5833333333333333,0.36363636363636365,22,19,22,18,28,20,23,140.0,11.0,11.0,3.0,3.0,2.0,10.0,2.0,0.0,0.0,0.0,0,0,0,0,3,3,4,4,4,4,78,59,85,77,67,54,50,0,12
257,1995.0,1.0,Bình Thuận,KHMT0001,KHMT,0,8.0,D480101,0.0,26.5,0.377319587628866,0.10319917440660475,0.46757322175732213,5.97,7.37,8.08,5.62,0.0,6.64,9.0,0.0,0.8333333333333333,0.36363636363636365,22,22,19,15,24,26,29,144.0,10.0,15.0,8.0,0.0,0.0,0.0,4.0,0.0,0.0,0.0,0,0,0,2,3,3,4,4,4,4,62,57,70,0,91,75,58,0,12
278,1995.0,1.0,Khánh Hoà,KTPM2013,CNPM,0,8.0,D480103,0.0,31.0,0.7938144329896908,0.8854489164086689,0.8880753138075314,8.66,7.73,8.61,9.01,10.0,0.0,0.0,0.3333333333333333,0.0,0.0,22,18,23,17,15,15,17,155.0,0.0,0.0,0.0,0.0,0.0,0.0,0.0,0.0,0.0,0.0,2,3,3,4,4,4,4,4,4,4,87,89,87,82,88,77,68,2,13
2118,2000.0,1.0,Bình Phước,PMCL2018.1,CNPM,1,13.0,D480103,4.0,24.53,0.8845360824742269,0.8204334365325078,0.8326359832635983,7.68,7.58,8.34,9.17,6.1,0.0,0.0,0.3333333333333333,0.0,0.0,17,22,17,20,18,20,12,148.0,0.0,0.0,0.0,0.0,0.0,0.0,0.0,0.0,0.0,0.0,1,1,2,2,3,3,4,4,4,4,90,90,100,100,100,100,100,1,13
2510,2000.0,0.0,Đồng Tháp,MMTT2018,MMT&TT,0,13.0,7480102,0.0,21.55,0.8422680412371135,0.7698658410732715,0.8535564853556485,8.19,9.17,8.99,9.12,7.5,0.0,0.0,0.3333333333333333,0.0,0.0,13,22,19,15,23,15,14,139.0,0.0,0.0,0.0,0.0,0.0,0.0,0.0,0.0,0.0,0.0,1,2,3,3,3,3,3,3,3,3,90,100,100,100,100,100,100,2,13
1677,1999.0,0.0,Hồ Chí Minh,HTTT2017,HTTT,0,12.0,D480104,0.0,24.75,0.7484536082474227,0.9143446852425181,0.9581589958158996,8.53,8.57,9.01,8.94,9.7,0.0,0.0,0.3333333333333333,0.0,0.0,20,20,16,25,19,16,14,154.0,8.0,0.0,0.0,0.0,0.0,0.0,0.0,0.0,0.0,0.0,4,4,4,4,4,4,4,4,4,4,80,80,95,90,100,100,100,1,13
2178,1999.0,1.0,Long An,MMTT2018,MMT&TT,0,13.0,7480102,5.0,827.0,0.863917525773196,0.8637770897832817,0.8138075313807531,8.26,7.43,8.12,6.9,8.8,0.0,0.0,0.3333333333333333,0.0,0.0,20,21,24,24,21,20,11,163.0,9.0,0.0,2.0,4.0,0.0,0.0,2.0,0.0,0.0,0.0,3,3,3,3,3,3,3,3,3,3,100,85,100,88,100,86,100,1,13
720,1996.0,1.0,Ninh Bình,HTTT0001,HTTT,0,9.0,D480104,-1.0,-1.0,0.6371134020618557,0.564499484004128,0.8253138075313807,6.55,6.46,6.6,6.25,0.0,7.97,0.0,0.0,0.5833333333333333,0.0,17,20,23,20,20,23,22,153.0,4.0,4.0,3.0,0.0,4.0,0.0,3.0,0.0,0.0,0.0,0,0,0,0,2,2,2,2,2,4,80,63,82,61,68,68,76,0,14
804,1996.0,0.0,Bình Định,MMTT2014,MMT&TT,0,9.0,D480102,-1.0,-1.0,0.7536082474226804,0.5799793601651188,0.8023012552301255,8.11,6.95,7.88,7.8,0.0,7.17,0.0,0.0,0.5833333333333333,0.0,13,22,25,23,17,14,14,149.0,0.0,7.0,0.0,0.0,0.0,0.0,0.0,0.0,0.0,0.0,2,2,2,3,4,4,4,4,4,4,69,69,75,71,60,66,80,1,14
740,1996.0,1.0,Cần Thơ,MMTT0001,MMT&TT,0,9.0,D480102,-1.0,-1.0,0.6402061855670104,0.5686274509803921,0.6129707112970711,7.1,6.47,6.71,7.2,0.0,7.0,0.0,0.0,0.5833333333333333,0.0,17,19,22,21,15,14,15,149.0,7.0,7.0,2.0,0.0,0.0,0.0,0.0,0.0,0.0,0.0,3,4,4,4,4,4,4,4,4,4,64,65,78,73,60,69,85,0,14
1440,1997.0,1.0,Gia Lai,KHMT0001,KHMT,0,11.0,D480101,0.0,22.5,0.6896907216494846,0.5500515995872034,0.7855648535564853,6.87,6.38,7.7,8.52,0.0,7.05,0.0,0.0,0.6666666666666666,0.0,17,21,20,22,20,19,20,147.0,4.0,4.0,4.0,0.0,0.0,0.0,0.0,0.0,0.0,0.0,2,4,4,4,4,4,4,4,4,4,81,98,95,90,95,100,100,0,14
203,1995.0,1.0,Bắc Giang,KTMT0001,KTMT,0,8.0,D520214,0.0,23.5,0.5835051546391753,0.5242518059855522,0.7165271966527196,6.52,4.54,5.63,5.17,0.0,6.63,0.0,0.0,0.5833333333333333,0.0,22,19,21,20,18,15,12,152.0,3.0,7.0,3.0,4.0,8.0,7.0,4.0,0.0,0.0,0.0,2,3,3,4,4,4,4,4,4,4,73,62,90,78,74,84,73,0,14
3156,2001.0,1.0,Bình Định,CNTT2019,KTTT,0,14.0,D480201,0.0,24.7,0.9134020618556701,0.9019607843137256,0.8933054393305438,8.31,8.86,8.6,7.56,0.0,0.0,0.0,0.0,0.0,0.0,16,21,19,18,20,15,10,127.0,0.0,0.0,0.0,0.0,8.0,0.0,0.0,0.0,0.0,0.0,1,2,2,2,2,2,2,2,2,2,100,100,100,100,100,100,99,1,15
3218,2001.0,1.0,Thừa Thiên Huế,KHTN2019,KHMT,3,14.0,D480101,0.0,24.75,0.9701030927835053,0.9236326109391125,0.9843096234309623,9.46,9.13,9.29,9.3,0.0,0.0,0.0,0.0,0.0,0.0,13,22,18,24,22,7,10,128.0,4.0,0.0,0.0,4.0,0.0,0.0,4.0,0.0,0.0,0.0,2,2,2,2,2,2,2,2,2,2,100,100,100,100,100,100,100,2,15
2835,2001.0,1.0,Ninh Thuận,KHDL2019,KTTT,0,14.0,7480109,5.0,870.0,0.9154639175257734,0.8586171310629516,0.9006276150627615,8.67,8.32,8.7,8.23,0.0,0.0,0.0,0.0,0.0,0.0,21,18,15,18,16,14,14,124.0,4.0,0.0,0.0,0.0,0.0,0.0,4.0,0.0,0.0,0.0,3,3,3,3,3,3,3,3,3,3,100,100,100,100,100,100,100,1,15
3011,2000.0,1.0,Đồng Nai,KHMT2019,KHMT,0,14.0,D480101,0.0,24.7,0.9154639175257734,0.9370485036119712,0.8483263598326359,8.58,8.84,8.29,7.95,0.0,0.0,0.0,0.0,0.0,0.0,13,19,21,24,18,14,8,129.0,12.0,0.0,0.0,0.0,0.0,0.0,0.0,0.0,0.0,0.0,4,4,4,4,4,4,4,4,4,4,81,100,100,100,100,100,99,1,15
892,1997.0,1.0,Bến Tre,KHMT0001,KHMT,0,10.0,D480101,-1.0,-1.0,0.8948453608247423,0.9824561403508772,0.8859832635983264,8.94,8.23,9.23,9.23,0.0,0.0,0.0,0.0,0.0,0.0,17,15,24,21,23,16,16,142.0,0.0,0.0,0.0,0.0,0.0,0.0,0.0,0.0,0.0,0.0,2,2,2,4,4,4,4,4,4,4,96,80,80,85,95,100,96,2,15
96,1995.0,1.0,Ninh Thuận,HTTT0001,HTTT,0,8.0,D480104,0.0,22.0,0.5391752577319588,0.521155830753354,0.5972803347280334,5.79,5.01,5.14,7.56,2.75,4.85,5.9,0.5,0.8333333333333333,0.8181818181818182,22,20,28,25,21,20,25,153.0,6.0,11.0,10.0,11.0,10.0,4.0,0.0,6.0,3.0,3.0,2,2,2,2,2,2,2,2,2,2,87,82,91,74,86,64,70,0,16
114,1995.0,1.0,Hồ Chí Minh,KHMT0001,KHMT,0,8.0,D480101,0.0,23.0,0.44742268041237115,0.28586171310629516,0.5271966527196652,5.39,6.31,6.6,6.05,4.0,6.49,5.73,0.5,0.5833333333333333,1.0,22,15,24,24,26,26,23,143.0,9.0,7.0,8.0,7.0,4.0,4.0,3.0,6.0,0.0,4.0,2,3,3,3,3,3,3,3,3,3,75,72,71,67,67,57,58,0,16
426,1996.0,1.0,Lâm Đồng,CNTT0001,KTTT,0,9.0,D480201,-1.0,-1.0,0.4484536082474227,0.3952528379772962,0.5878661087866108,4.47,6.69,5.01,5.37,3.94,2.87,6.3,0.5833333333333333,0.5833333333333333,0.7272727272727273,17,20,19,21,21,15,21,139.0,10.0,11.0,4.0,12.0,0.0,7.0,4.0,4.0,4.0,0.0,2,3,3,3,3,3,3,3,3,3,69,66,63,59,68,52,75,0,16
291,1995.0,0.0,Hồ Chí Minh,KHMT2013,KHMT,0,8.0,D480101,0.0,30.5,0.522680412371134,0.3715170278637771,0.600418410041841,4.47,3.6,6.93,6.92,3.75,0.0,8.24,0.5,0.0,1.0,22,15,27,18,26,26,27,147.0,14.0,11.0,10.0,6.0,14.0,0.0,3.0,3.0,0.0,0.0,3,3,3,4,4,4,4,4,4,4,99,72,71,40,64,65,63,0,16
388,1994.0,1.0,Nam Định,KTPM0001,CNPM,0,8.0,D480103,0.0,27.5,0.45257731958762887,0.3126934984520124,0.3713389121338912,2.68,4.18,5.81,5.61,7.5,1.16,7.97,0.5833333333333333,0.5833333333333333,1.0,22,15,21,16,12,19,28,157.0,10.0,8.0,17.0,12.0,6.0,4.0,3.0,0.0,7.0,0.0,2,2,2,2,2,2,2,2,2,2,77,66,62,29,17,60,38,1,16
1159,1997.0,1.0,Lâm Đồng,MMTT0001,MMT&TT,0,10.0,D480299,-1.0,-1.0,0.8020618556701031,0.5510835913312694,0.7102510460251046,7.32,5.78,7.69,8.25,0.0,7.5,0.0,0.0,0.3333333333333333,0.0,13,17,26,18,19,15,22,152.0,0.0,12.0,0.0,0.0,6.0,0.0,0.0,0.0,0.0,0.0,2,2,2,2,4,4,4,4,4,4,86,65,77,79,75,75,80,0,17
1056,1997.0,1.0,Hồ Chí Minh,HTTT0001,HTTT,1,10.0,D480104,-1.0,-1.0,0.6938144329896908,0.6006191950464397,0.5920502092050209,5.9,6.56,5.53,7.32,0.0,5.5,0.0,0.0,0.25,0.0,19,21,20,21,19,23,13,153.0,0.0,3.0,4.0,0.0,0.0,4.0,0.0,0.0,0.0,0.0,2,4,4,4,4,4,4,4,4,4,92,86,56,72,80,75,90,0,17
964,1997.0,1.0,Đồng Nai,CNTT2015,KTTT,0,10.0,D480201,-1.0,-1.0,0.722680412371134,0.4798761609907121,0.75836820083682,6.44,7.07,7.05,7.77,0.0,6.9,0.0,0.0,0.3333333333333333,0.0,17,21,24,25,24,16,17,143.0,0.0,15.0,0.0,4.0,0.0,0.0,0.0,0.0,0.0,0.0,2,4,4,4,4,4,4,4,4,4,73,65,66,76,80,75,76,0,17
1400,1997.0,1.0,Lâm Đồng,HTTT0001,HTTT,1,11.0,D480104,0.0,21.0,0.6443298969072165,0.44066047471620223,0.7018828451882845,6.83,5.99,6.92,8.44,0.0,8.0,0.0,0.0,0.3333333333333333,0.0,19,21,19,23,23,24,21,156.0,3.0,15.0,0.0,0.0,0.0,0.0,0.0,0.0,0.0,0.0,2,4,4,4,4,4,4,4,4,4,90,91,80,90,89,75,81,0,17
250,1995.0,1.0,An Giang,KTMT0001,KTMT,0,8.0,D520214,0.0,24.0,0.5103092783505155,0.4179566563467492,0.7280334728033473,5.92,6.47,7.16,5.92,0.0,8.4,0.0,0.0,0.3333333333333333,0.0,22,19,24,25,23,16,21,147.0,10.0,12.0,3.0,3.0,4.0,0.0,4.0,0.0,0.0,0.0,2,3,3,3,3,3,3,3,3,3,70,76,90,64,78,66,67,0,17
2588,2000.0,0.0,Quảng Nam,HTCL2018.2,HTTT,1,13.0,D480104,0.0,19.65,0.8690721649484536,0.7420020639834882,0.8263598326359832,7.48,7.55,7.56,8.31,0.0,0.0,0.0,0.0,0.0,0.0,15,17,21,16,24,20,16,150.0,0.0,0.0,0.0,0.0,0.0,0.0,0.0,0.0,0.0,0.0,1,1,1,2,3,3,3,3,3,3,85,95,90,83,84,96,96,1,18
605,1996.0,0.0,Long An,HTTT2014,HTTT,0,9.0,D480104,-1.0,-1.0,0.8793814432989691,0.739938080495356,0.8347280334728033,8.01,8.55,8.16,7.95,0.0,0.0,0.0,0.0,0.0,0.0,17,24,24,23,16,19,17,153.0,0.0,4.0,0.0,0.0,0.0,0.0,0.0,0.0,0.0,0.0,2,3,3,4,4,4,4,4,4,4,77,84,95,80,81,85,76,2,18
1181,1997.0,0.0,Hồ Chí Minh,ATTN2015,MMT&TT,2,10.0,D480299,-1.0,-1.0,0.8505154639175259,0.8070175438596492,0.8587866108786611,7.51,7.55,9.05,7.9,0.0,0.0,0.0,0.0,0.0,0.0,17,23,17,18,20,19,18,149.0,4.0,0.0,0.0,0.0,0.0,0.0,0.0,0.0,0.0,0.0,4,4,4,4,4,4,4,4,4,4,95,85,69,90,85,85,90,2,18
1433,1998.0,0.0,Hồ Chí Minh,ATTT2016,MMT&TT,0,11.0,D480299,0.0,22.5,0.8051546391752578,0.7471620227038185,0.8106694560669456,7.81,8.21,8.37,8.63,0.0,0.0,0.0,0.0,0.0,0.0,17,21,24,20,16,16,12,151.0,0.0,0.0,0.0,0.0,0.0,0.0,0.0,0.0,0.0,0.0,2,4,4,4,4,4,4,4,4,4,80,88,90,95,95,90,100,1,18
2643,1999.0,1.0,Đắk Lắk,CNTT2018,KTTT,0,13.0,D480201,0.0,23.15,0.7969072164948454,0.7306501547987617,0.8765690376569039,7.73,8.2,7.94,8.51,0.0,0.0,0.0,0.0,0.0,0.0,20,20,16,18,16,14,19,132.0,4.0,0.0,0.0,0.0,0.0,0.0,0.0,0.0,0.0,0.0,3,4,4,4,4,4,4,4,4,4,85,80,90,100,100,100,100,1,18
912,1994.0,1.0,Hồ Chí Minh,KHMT2015,KHMT,0,10.0,D480101,-1.0,-1.0,0.7855670103092784,0.40247678018575855,0.6401673640167364,5.7,5.66,6.72,8.0,0.0,0.0,8.1,0.0,0.0,0.2727272727272727,13,22,23,22,22,23,20,144.0,12.0,16.0,0.0,3.0,7.0,0.0,0.0,0.0,0.0,0.0,-1,-1,-1,-1,-1,-1,-1,-1,-1,-1,69,44,54,34,72,68,70,0,19
975,1997.0,1.0,Hồ Chí Minh,HTTT0001,HTTT,0,10.0,D480104,-1.0,-1.0,0.7484536082474227,0.35294117647058826,0.7269874476987448,7.83,7.03,6.02,8.19,0.0,0.0,9.7,0.0,0.0,0.36363636363636365,17,18,20,24,16,19,18,153.0,8.0,15.0,0.0,0.0,0.0,0.0,0.0,0.0,0.0,0.0,4,4,4,4,4,4,4,4,4,4,91,62,64,64,80,80,80,0,19
19,1995.0,1.0,Quảng Ngãi,KTPM0001,CNPM,1,8.0,D480103,0.0,25.0,0.6298969072164949,0.4695562435500516,0.6098326359832635,6.14,6.52,5.53,6.09,0.0,0.0,3.2,0.0,0.0,0.36363636363636365,18,22,23,17,19,18,22,156.0,0.0,18.0,0.0,4.0,0.0,0.0,0.0,0.0,0.0,4.0,2,2,2,2,2,2,3,3,3,4,84,54,80,59,83,64,61,0,19
1588,1998.0,1.0,Hồ Chí Minh,CNTT2016,KTTT,0,11.0,D480201,0.0,22.5,0.6855670103092785,0.5180598555211559,0.5460251046025104,6.24,6.93,7.41,7.77,0.0,0.0,5.2,0.0,0.0,0.36363636363636365,17,19,13,16,23,27,23,143.0,0.0,11.0,4.0,2.0,0.0,0.0,0.0,0.0,0.0,0.0,2,4,4,4,4,4,4,4,4,4,56,58,76,80,76,80,83,1,19
253,1995.0,1.0,Đồng Tháp,KTPM0001,CNPM,0,8.0,D480103,0.0,28.0,0.5010309278350517,0.30650154798761614,0.7437238493723849,6.96,8.52,5.76,7.18,0.0,0.0,8.6,0.0,0.0,0.5454545454545454,22,19,23,27,20,23,23,159.0,6.0,15.0,0.0,3.0,0.0,8.0,0.0,0.0,0.0,0.0,2,2,2,2,2,2,3,4,4,4,88,82,87,78,88,75,64,1,19
571,1996.0,1.0,Đồng Nai,KHMT0001,KHMT,0,9.0,D480101,-1.0,-1.0,0.643298969072165,0.5686274509803921,0.7018828451882845,5.32,5.66,6.65,7.56,5.9,6.5,0.0,0.25,0.3333333333333333,0.0,17,22,24,25,21,22,22,148.0,6.0,7.0,0.0,9.0,4.0,0.0,0.0,0.0,0.0,0.0,2,3,3,4,4,4,4,4,4,4,77,75,58,73,60,66,76,1,20
1490,1997.0,1.0,Bình Thuận,MMTT0001,MMT&TT,0,11.0,D480102,0.0,23.75,0.6742268041237114,0.7131062951496389,0.8085774058577406,7.32,7.49,8.72,8.22,8.3,5.9,0.0,0.25,0.3333333333333333,0.0,13,15,21,23,21,18,14,155.0,7.0,4.0,0.0,0.0,0.0,0.0,0.0,0.0,0.0,0.0,0,2,2,2,4,4,4,4,4,4,24,88,95,95,80,90,100,0,20
67,1995.0,0.0,Khánh Hòa,HTTT0001,HTTT,0,8.0,D480104,0.0,24.0,0.6536082474226804,0.521155830753354,0.6882845188284519,6.19,5.76,5.26,5.55,7.5,7.0,0.0,0.25,0.3333333333333333,0.0,22,19,24,16,28,18,26,155.0,3.0,11.0,3.0,3.0,4.0,7.0,4.0,0.0,0.0,0.0,2,3,3,4,4,4,4,4,4,4,78,87,90,69,70,64,68,0,20
2045,1999.0,1.0,Bến Tre,MMTT2017,MMT&TT,0,12.0,D480102,0.0,25.75,0.6742268041237114,0.6635706914344686,0.8002092050209205,7.06,8.14,7.83,8.05,10.0,7.9,0.0,0.25,0.3333333333333333,0.0,20,21,17,17,17,20,12,137.0,3.0,4.0,0.0,0.0,0.0,0.0,0.0,0.0,0.0,0.0,2,2,2,3,4,4,4,4,4,4,80,80,73,68,73,83,78,0,20
824,1995.0,1.0,Hồ Chí Minh,MMTT2014,MMT&TT,0,9.0,D480102,-1.0,-1.0,0.6061855670103093,0.49638802889576883,0.7301255230125523,7.01,7.44,8.09,7.64,8.3,8.3,0.0,0.25,0.25,0.0,17,20,22,24,14,17,18,149.0,7.0,11.0,0.0,0.0,0.0,0.0,0.0,0.0,0.0,0.0,3,4,4,4,4,4,4,4,4,4,66,52,61,49,60,58,60,0,20
2624,2000.0,1.0,Khánh Hòa,KHDL2018,KTTT,0,13.0,7480201_KHDL,0.0,21.15,0.622680412371134,0.6006191950464397,0.700836820083682,8.75,9.06,8.16,8.8,0.0,0.0,0.0,0.0,0.0,0.0,19,24,21,19,14,18,18,140.0,0.0,7.0,4.0,0.0,0.0,0.0,0.0,0.0,0.0,0.0,2,3,3,3,3,3,3,3,3,3,70,85,100,90,100,100,100,0,21
74,1995.0,1.0,Đồng Nai,CNTT2013,KTTT,0,8.0,D480201,0.0,24.5,0.6278350515463917,0.5964912280701755,0.6673640167364017,6.85,7.18,6.59,6.23,0.0,0.0,0.0,0.0,0.0,0.0,22,18,23,23,19,14,21,147.0,3.0,7.0,0.0,0.0,0.0,0.0,0.0,0.0,0.0,0.0,2,3,3,4,4,4,4,4,4,4,98,100,100,100,70,61,64,0,21
2365,2000.0,1.0,Thừa Thiên Huế,KHCL2018.2,KHMT,1,13.0,D480101,0.0,20.35,0.6670103092783506,0.6191950464396285,0.6673640167364017,6.97,7.35,7.84,7.82,0.0,0.0,0.0,0.0,0.0,0.0,19,19,22,23,24,20,19,141.0,7.0,4.0,2.0,4.0,0.0,0.0,0.0,0.0,0.0,0.0,3,4,4,5,5,5,5,5,5,5,96,75,91,96,74,74,74,0,21
1309,1998.0,1.0,Phú Yên,MMTT0001,MMT&TT,0,11.0,D480102,0.0,22.5,0.5731958762886598,0.5768833849329206,0.5983263598326359,6.74,7.58,7.83,7.81,0.0,0.0,0.0,0.0,0.0,0.0,13,21,15,21,24,23,23,149.0,0.0,5.0,0.0,0.0,0.0,0.0,0.0,0.0,0.0,0.0,2,2,2,2,4,4,4,4,4,4,61,95,85,100,90,75,83,1,21
385,1995.0,1.0,Bà Rịa - Bà Rịa - Vũng Tàu,KTPM0001,CNPM,0,8.0,D480103,0.0,28.5,0.6536082474226804,0.5923632610939114,0.5261506276150628,7.54,5.9,5.79,6.74,0.0,0.0,0.0,0.0,0.0,0.0,22,19,27,17,23,22,19,155.0,3.0,0.0,13.0,0.0,6.0,8.0,0.0,0.0,0.0,0.0,2,3,3,3,3,3,4,4,4,4,84,86,64,82,74,69,64,0,21
810,1996.0,1.0,Phú Yên,MMTT2014,MMT&TT,0,9.0,D480102,-1.0,-1.0,0.6948453608247424,0.5510835913312694,0.5794979079497907,5.54,6.51,7.39,6.78,8.4,0.0,4.2,0.3333333333333333,0.0,0.36363636363636365,17,20,29,17,19,20,21,153.0,4.0,4.0,8.0,3.0,4.0,0.0,3.0,0.0,0.0,4.0,2,3,3,4,4,4,4,4,4,4,64,56,65,61,48,67,80,0,22
802,1996.0,1.0,Hồ Chí Minh,KHMT0001,KHMT,0,9.0,D480101,-1.0,-1.0,0.5185567010309279,0.43137254901960786,0.7175732217573222,5.21,7.3,6.22,7.86,8.0,0.0,9.1,0.25,0.0,0.36363636363636365,17,20,25,22,26,20,19,143.0,6.0,11.0,0.0,8.0,0.0,0.0,0.0,0.0,0.0,0.0,2,3,3,4,4,4,4,4,4,4,62,67,57,81,66,76,80,0,22
78,1995.0,1.0,Quảng Ngãi,KHMT0001,KHMT,0,8.0,D480101,0.0,25.5,0.5845360824742268,0.6026831785345718,0.6485355648535565,6.47,6.72,7.0,7.04,8.0,0.0,7.0,0.25,0.0,0.36363636363636365,18,22,27,21,25,20,20,144.0,3.0,8.0,9.0,4.0,0.0,4.0,4.0,0.0,0.0,0.0,2,2,2,2,2,2,2,2,2,2,61,64,75,67,84,70,66,0,22
773,1996.0,0.0,Vĩnh Long,HTTT2014,HTTT,0,9.0,D480104,-1.0,-1.0,0.6144329896907217,0.7409700722394221,0.6997907949790795,6.78,6.1,6.89,5.8,6.2,0.0,7.1,0.25,0.0,0.2727272727272727,13,23,27,17,20,18,22,153.0,6.0,0.0,4.0,0.0,0.0,0.0,3.0,0.0,0.0,0.0,2,2,2,3,3,3,4,4,4,4,80,85,73,80,62,72,75,0,22
556,1996.0,1.0,Tiền Giang,TMĐT2014,HTTT,0,9.0,D52480104,-1.0,-1.0,0.5938144329896907,0.6026831785345718,0.7186192468619247,6.98,7.32,8.02,6.22,9.2,0.0,5.8,0.25,0.0,0.36363636363636365,17,22,20,24,24,24,22,156.0,7.0,8.0,0.0,0.0,0.0,0.0,3.0,0.0,0.0,0.0,2,3,3,4,4,4,4,4,4,4,80,75,80,69,70,68,60,0,22
2774,2001.0,1.0,Hồ Chí Minh,CNTT2019,KTTT,0,14.0,D480201,4.0,26.2,0.9340206185567012,0.8482972136222912,0.8002092050209205,7.65,8.78,8.78,9.03,0.0,0.0,0.0,0.0,0.0,0.0,16,19,23,19,19,14,12,126.0,0.0,0.0,0.0,4.0,4.0,0.0,4.0,0.0,0.0,0.0,2,2,2,2,3,3,3,3,3,3,100,100,100,100,100,100,97,1,23
567,1996.0,0.0,Phú Yên,HTTT2014,HTTT,0,9.0,D480104,-1.0,-1.0,0.8855670103092784,0.8627450980392157,0.862970711297071,8.28,8.9,9.07,8.93,0.0,0.0,0.0,0.0,0.0,0.0,17,19,26,22,20,18,17,153.0,0.0,0.0,0.0,0.0,0.0,0.0,0.0,0.0,0.0,0.0,2,3,3,4,4,4,4,4,4,4,81,89,99,96,86,96,90,2,23
2827,2001.0,0.0,Hồ Chí Minh,CNCL2019.1,KTTT,1,14.0,7480201_CLCN,5.0,816.0,0.9237113402061857,0.8968008255933952,0.8326359832635983,8.03,8.44,8.63,8.43,0.0,0.0,0.0,0.0,0.0,0.0,13,15,21,16,14,18,18,130.0,15.0,0.0,0.0,0.0,0.0,0.0,0.0,0.0,0.0,0.0,3,3,3,3,3,3,3,3,3,3,90,100,100,93,100,100,98,1,23
1260,1997.0,1.0,Vĩnh Long,KTPM0001,CNPM,1,10.0,D480103,-1.0,-1.0,0.8835051546391753,0.8895768833849329,0.8179916317991631,7.66,7.11,7.94,7.5,0.0,0.0,0.0,0.0,0.0,0.0,19,21,19,23,15,18,17,158.0,0.0,0.0,0.0,0.0,0.0,0.0,0.0,0.0,0.0,0.0,2,4,4,4,4,4,4,4,4,4,100,100,89,99,90,100,86,1,23
2378,2000.0,1.0,BìNh ĐịNh,CNTT2018,KTTT,0,13.0,D480201,0.0,22.6,0.909278350515464,0.8617131062951496,0.8535564853556485,8.67,8.78,8.34,8.72,0.0,0.0,0.0,0.0,0.0,0.0,20,22,23,18,19,18,13,137.0,0.0,0.0,0.0,0.0,0.0,0.0,0.0,0.0,0.0,0.0,2,3,3,4,4,4,4,4,4,4,85,85,100,100,100,100,100,2,23
2449,2000.0,1.0,Hồ Chí Minh,KHCL2018.2,KHMT,1,13.0,D480101,0.0,20.55,0.688659793814433,0.6367389060887513,0.7981171548117154,7.7,8.17,8.01,8.7,0.0,0.0,0.0,0.0,0.0,0.0,19,19,20,20,20,21,12,139.0,8.0,4.0,0.0,0.0,0.0,0.0,0.0,0.0,0.0,0.0,4,4,4,5,5,5,5,5,5,5,85,68,81,81,85,96,100,0,24
2112,2000.0,1.0,Bình Phước,KTPM2018,CNPM,0,13.0,D480103,4.0,24.83,0.7154639175257733,0.6883384932920537,0.7280334728033473,7.98,8.06,8.48,8.05,0.0,0.0,0.0,0.0,0.0,0.0,17,19,17,19,19,24,15,143.0,0.0,0.0,0.0,4.0,0.0,0.0,0.0,0.0,0.0,0.0,1,2,2,2,4,4,4,4,4,4,83,68,81,73,85,100,100,1,24
1597,1998.0,1.0,Nam Định,CNTT0001,KTTT,0,11.0,D480201,0.0,22.25,0.6742268041237114,0.7048503611971105,0.7322175732217573,7.09,6.4,6.76,7.14,0.0,0.0,0.0,0.0,0.0,0.0,17,19,22,18,14,22,19,142.0,0.0,0.0,0.0,0.0,0.0,0.0,0.0,0.0,0.0,0.0,2,4,4,4,4,4,4,4,4,4,59,84,80,85,86,75,84,1,24
1874,1998.0,1.0,Thừa Thiên Huế,HTTT2017,HTTT,0,12.0,D480104,0.0,24.5,0.6742268041237114,0.717234262125903,0.7771966527196652,7.09,5.09,6.56,6.61,0.0,0.0,0.0,0.0,0.0,0.0,19,19,18,18,22,18,23,146.0,0.0,4.0,0.0,0.0,4.0,0.0,0.0,0.0,0.0,0.0,2,2,2,2,2,2,2,2,2,3,83,85,76,85,70,77,72,0,24
2022,1999.0,1.0,ĐồNg Nai,CNTT2017,KTTT,0,12.0,D480201,0.0,25.75,0.6567010309278352,0.6315789473684211,0.7353556485355649,7.46,7.85,8.11,8.12,0.0,0.0,0.0,0.0,0.0,0.0,20,22,16,15,22,19,23,135.0,6.0,4.0,0.0,0.0,0.0,0.0,0.0,0.0,0.0,0.0,4,4,4,4,4,4,4,4,4,4,95,95,95,95,93,91,100,0,24
1815,1999.0,1.0,Đắk Lắk,KTMT2017,KTMT,0,12.0,D520214,0.0,25.0,0.46082474226804127,0.43756449948400417,0.7102510460251046,7.17,6.98,7.78,7.59,6.7,7.8,0.0,0.3333333333333333,0.6666666666666666,0.0,17,22,20,21,23,23,9,139.0,12.0,12.0,0.0,0.0,0.0,0.0,0.0,0.0,0.0,0.0,2,2,2,2,3,3,4,4,4,4,70,80,80,85,83,81,84,0,25
1378,1998.0,1.0,Khánh Hòa,KHMT2016.1,KHMT,0,11.0,D480101,0.0,22.75,0.5649484536082475,0.43550051599587203,0.5763598326359832,5.84,6.49,6.69,7.17,6.5,6.05,0.0,0.3333333333333333,0.6666666666666666,0.0,17,21,24,24,23,23,21,143.0,7.0,12.0,11.0,7.0,0.0,0.0,0.0,0.0,0.0,0.0,2,2,2,4,4,4,4,4,4,4,64,57,79,79,76,75,74,0,25
3,1994.0,1.0,Hồ Chí Minh,KHMT0001,KHMT,0,8.0,D480101,0.0,24.5,0.5690721649484536,0.4262125902992776,0.6056485355648535,6.74,7.31,5.64,6.32,5.5,6.98,0.0,0.5,0.9166666666666666,0.0,22,15,28,19,27,20,22,142.0,9.0,7.0,8.0,0.0,4.0,0.0,4.0,0.0,0.0,0.0,2,3,3,4,4,4,4,4,4,4,62,88,92,86,50,39,56,0,25
1179,1997.0,1.0,Hồ Chí Minh,HTCL2015,HTTT,1,10.0,D480104,-1.0,-1.0,0.7051546391752578,0.6099071207430341,0.5941422594142259,6.15,6.06,4.68,7.16,3.8,5.37,0.0,0.3333333333333333,1.0,0.0,19,20,29,15,15,20,20,155.0,8.0,4.0,4.0,4.0,3.0,4.0,0.0,4.0,4.0,0.0,-1,-1,-1,-1,-1,-1,-1,-1,-1,-1,90,100,72,78,85,70,80,0,25
707,1996.0,1.0,Hồ Chí Minh,MMTT0001,MMT&TT,0,9.0,D480102,-1.0,-1.0,0.4,0.33023735810113525,0.6307531380753139,5.91,6.22,7.11,7.07,6.1,6.66,5.9,0.5,0.5833333333333333,0.2727272727272727,17,21,21,23,20,26,18,149.0,17.0,15.0,4.0,7.0,0.0,0.0,0.0,3.0,0.0,0.0,3,4,4,4,4,4,4,4,4,4,61,48,41,65,62,76,80,0,25
575,1996.0,1.0,Bình Thuận,CNTT0001,KTTT,0,9.0,D480201,-1.0,-1.0,0.5216494845360825,0.6068111455108359,0.7468619246861924,6.56,8.12,6.6,5.97,8.27,7.44,0.0,0.5833333333333333,0.5833333333333333,0.0,17,22,25,19,19,23,20,143.0,11.0,11.0,4.0,0.0,0.0,4.0,4.0,0.0,0.0,0.0,0,3,3,3,3,3,3,3,3,3,74,73,87,84,66,82,67,0,26
679,1996.0,1.0,Bình Định,CNTT0001,KTTT,0,9.0,D480201,-1.0,-1.0,0.5793814432989691,0.6955624355005161,0.6684100418410042,6.35,7.68,6.92,7.18,0.0,1.66,0.0,0.5,0.5833333333333333,0.0,17,22,29,17,19,14,21,139.0,6.0,0.0,4.0,0.0,0.0,0.0,4.0,6.0,7.0,0.0,2,3,3,3,3,3,3,3,3,3,69,80,53,70,67,52,76,1,26
8,1995.0,1.0,Hồ Chí Minh,KHMT2013,KHMT,0,8.0,D480101,0.0,26.5,0.531958762886598,0.6326109391124871,0.7050209205020921,5.54,6.89,7.29,7.72,4.0,8.75,0.0,0.5,0.5,0.0,22,16,27,25,21,19,26,151.0,14.0,8.0,6.0,3.0,6.0,3.0,0.0,3.0,0.0,0.0,2,3,3,3,4,4,4,4,4,4,65,66,83,67,80,69,56,1,26
850,1996.0,0.0,Đồng Nai,MMTT2014,MMT&TT,0,9.0,D480102,-1.0,-1.0,0.609278350515464,0.6367389060887513,0.7123430962343096,6.85,6.61,7.2,8.01,8.76,6.05,0.0,0.5833333333333333,0.6666666666666666,0.0,17,20,21,23,16,20,17,153.0,10.0,8.0,0.0,0.0,0.0,0.0,0.0,0.0,0.0,0.0,2,3,3,4,4,4,4,4,4,4,90,69,62,73,62,68,90,0,26
389,1995.0,1.0,Đồng Nai,KTMT0001,KTMT,0,8.0,D520214,0.0,25.5,0.6257731958762888,0.586171310629515,0.5460251046025104,5.83,7.39,6.46,4.66,3.0,6.9,0.0,0.5833333333333333,0.6666666666666666,0.0,22,19,25,20,15,18,17,147.0,0.0,8.0,11.0,6.0,0.0,0.0,8.0,4.0,0.0,0.0,2,3,3,4,4,4,4,4,4,4,91,64,59,69,100,84,59,0,26
322,1995.0,1.0,Đắk Lắk,KTPM0001,CNPM,0,8.0,D480103,0.0,27.5,0.5670103092783506,0.6821465428276574,0.6694560669456067,7.04,6.55,6.25,6.04,7.93,0.0,0.0,0.5833333333333333,0.0,0.0,18,19,24,21,21,23,16,155.0,7.0,0.0,4.0,4.0,3.0,4.0,3.0,0.0,0.0,0.0,2,2,2,2,2,2,3,4,4,4,80,89,75,90,78,86,60,0,27
1822,1999.0,1.0,TiềN Giang,CNTT2017,KTTT,0,12.0,D480201,0.0,25.75,0.5639175257731959,0.6873065015479877,0.5428870292887029,6.49,7.6,8.01,8.24,7.64,0.0,0.0,0.5833333333333333,0.0,0.0,20,21,20,17,18,16,16,132.0,7.0,0.0,7.0,0.0,0.0,0.0,0.0,0.0,0.0,0.0,2,4,4,4,4,4,4,4,4,4,83,80,75,75,79,76,76,0,27
1722,1999.0,1.0,Long An,MMCL2017,MMT&TT,1,12.0,D480102,0.0,21.75,0.5587628865979382,0.6243550051599588,0.6202928870292886,7.24,7.35,6.91,6.68,7.3,0.0,0.0,0.6666666666666666,0.0,0.0,17,17,22,17,20,12,17,145.0,12.0,7.0,0.0,0.0,0.0,0.0,0.0,0.0,0.0,0.0,4,4,4,4,4,4,5,5,5,6,80,80,76,75,66,79,64,0,27
226,1995.0,1.0,Đồng Nai,HTTT0001,HTTT,0,8.0,D52480104,0.0,23.0,0.5876288659793815,0.6377708978328174,0.7123430962343096,7.58,7.39,7.53,7.9,7.79,0.0,0.0,0.5833333333333333,0.0,0.0,22,22,18,17,26,26,13,155.0,3.0,3.0,0.0,0.0,0.0,0.0,0.0,0.0,0.0,0.0,2,3,3,3,3,3,3,4,4,4,67,72,77,87,95,69,64,1,27
985,1997.0,1.0,Sóc Trăng,KTPM0001,CNPM,1,10.0,D480103,-1.0,-1.0,0.6525773195876289,0.41073271413828694,0.7688284518828451,7.24,7.12,7.2,7.99,8.69,0.0,0.0,0.5833333333333333,0.0,0.0,19,24,22,22,14,22,17,158.0,5.0,12.0,0.0,0.0,0.0,0.0,0.0,0.0,0.0,0.0,2,2,2,2,4,4,4,4,4,4,90,65,72,83,80,80,80,0,27
1666,1999.0,0.0,An Giang,KHTN2017,KHMT,3,12.0,D480101,0.0,27.25,0.8216494845360826,0.7678018575851394,0.7217573221757322,8.15,8.04,9.01,9.2,0.0,0.0,0.0,0.0,0.0,0.0,19,23,23,24,20,14,10,133.0,0.0,0.0,0.0,0.0,0.0,0.0,0.0,0.0,0.0,0.0,2,4,4,4,4,4,4,4,4,4,95,95,95,85,100,100,100,2,28
2919,2001.0,0.0,Lâm Đồng,KHMT2019,KHMT,0,14.0,D480101,0.0,24.6,0.863917525773196,0.8152734778121776,0.6715481171548117,6.57,8.48,7.74,7.91,0.0,0.0,0.0,0.0,0.0,0.0,13,20,20,22,19,19,7,128.0,12.0,0.0,4.0,0.0,0.0,0.0,0.0,0.0,0.0,0.0,4,4,4,4,4,4,4,4,4,4,95,100,91,97,100,100,81,0,28
1040,1997.0,1.0,Hà Tĩnh,KHMT0001,KHMT,0,10.0,D480101,-1.0,-1.0,0.950515463917526,0.7306501547987617,0.7782426778242678,6.24,7.4,7.8,7.65,0.0,0.0,0.0,0.0,0.0,0.0,13,24,24,23,20,16,16,143.0,0.0,4.0,0.0,0.0,4.0,0.0,0.0,0.0,0.0,0.0,2,2,2,2,2,2,2,2,2,3,91,67,70,80,80,80,65,0,28
1215,1997.0,1.0,Vĩnh Long,MMTT0001,MMT&TT,0,10.0,D480102,-1.0,-1.0,0.9742268041237113,0.717234262125903,0.8064853556485355,7.7,8.49,8.09,8.71,0.0,0.0,0.0,0.0,0.0,0.0,13,21,17,23,14,20,18,149.0,0.0,0.0,0.0,0.0,0.0,0.0,0.0,0.0,0.0,0.0,2,2,2,2,4,4,4,4,4,4,83,81,64,73,90,95,86,2,28
2640,2000.0,0.0,Bình Định,MMTT2018,MMT&TT,0,13.0,7480102,0.0,23.7,0.8092783505154639,0.7110423116615068,0.7405857740585774,7.71,7.88,8.58,8.65,0.0,0.0,0.0,0.0,0.0,0.0,20,21,21,17,17,16,16,137.0,8.0,4.0,0.0,0.0,0.0,0.0,0.0,0.0,0.0,0.0,4,4,4,4,4,4,4,4,4,4,100,100,100,98,100,100,100,0,28
1003,1997.0,1.0,Phú Yên,KHMT0001,KHMT,0,10.0,D480101,-1.0,-1.0,0.7144329896907217,0.24458204334365327,0.7709205020920502,5.65,6.8,7.28,7.8,0.0,0.0,0.0,0.0,0.0,0.0,17,15,26,29,24,23,20,147.0,4.0,15.0,0.0,4.0,4.0,0.0,0.0,0.0,0.0,0.0,0,0,0,2,4,4,4,4,4,4,75,64,50,67,95,95,85,1,29
290,1995.0,1.0,Hồ Chí Minh,KTMT0001,KTMT,0,8.0,D520214,0.0,24.5,0.5247422680412371,0.3023735810113519,0.7374476987447698,6.45,5.97,6.37,5.87,0.0,0.0,0.0,0.25,0.0,0.0,22,15,19,17,20,22,21,148.0,11.0,11.0,0.0,3.0,4.0,3.0,5.0,3.0,0.0,0.0,2,3,3,4,4,4,4,4,4,4,77,65,59,34,79,65,26,0,29
472,1995.0,1.0,Bà Rịa - Bà Rịa - Vũng Tàu,KHMT2016.1,KHMT,0,9.0,D480101,-1.0,-1.0,0.0,0.0,0.8943514644351465,6.59,8.66,7.72,0.0,0.0,0.0,0.0,0.0,0.0,0.0,0,0,19,19,23,22,0,146.0,0.0,0.0,4.0,3.0,0.0,0.0,0.0,0.0,0.0,0.0,0,0,0,3,4,4,4,4,4,4,0,0,94,81,84,82,0,1,29
161,1995.0,1.0,Quảng Ngãi,KTMT2013,KTMT,0,8.0,D520214,0.0,25.5,0.4587628865979382,0.37254901960784315,0.7824267782426778,7.41,7.25,6.83,8.04,0.0,9.1,0.0,0.0,0.25,0.0,22,18,28,22,25,24,16,147.0,15.0,11.0,0.0,0.0,0.0,0.0,0.0,0.0,0.0,0.0,2,3,3,4,4,4,4,4,4,4,57,70,71,77,87,65,66,0,29
992,1997.0,1.0,Quảng Ngãi,KHMT0001,KHMT,0,10.0,D480101,-1.0,-1.0,0.6041237113402063,0.19711042311661509,0.7280334728033473,5.51,7.52,7.18,6.92,0.0,0.0,0.0,0.0,0.0,0.0,17,15,25,29,24,23,21,151.0,8.0,15.0,0.0,4.0,0.0,0.0,0.0,0.0,0.0,0.0,0,0,0,2,4,4,4,4,4,4,80,64,45,67,90,90,85,1,29
4,1995.0,1.0,Khánh Hoà,MMTT0001,MMT&TT,0,8.0,D480102,0.0,28.0,0.7639175257731959,0.6057791537667699,0.6548117154811715,7.47,7.29,6.43,6.58,0.0,0.0,7.36,0.0,0.0,0.6363636363636364,22,19,23,19,21,18,15,149.0,3.0,7.0,6.0,0.0,0.0,2.0,0.0,0.0,0.0,0.0,2,3,3,4,4,4,4,4,4,4,70,73,68,72,55,77,62,0,30
22,1995.0,1.0,Quảng Ngãi,KHMT2013,KHMT,0,8.0,D480101,0.0,26.0,0.6721649484536083,0.46233230134158937,0.6276150627615062,7.25,8.08,7.88,7.7,0.0,0.0,7.94,0.0,0.0,0.6363636363636364,22,21,26,23,20,16,16,144.0,0.0,12.0,7.0,0.0,0.0,0.0,0.0,0.0,0.0,0.0,2,3,3,4,4,4,4,4,4,4,76,72,80,86,98,77,69,0,30
481,1996.0,1.0,Hồ Chí Minh,KHMT0001,KHMT,0,9.0,D480101,-1.0,-1.0,0.6731958762886598,0.6563467492260062,0.6736401673640168,6.24,6.4,7.03,7.38,8.7,7.0,6.4,0.25,0.3333333333333333,0.7272727272727273,17,21,21,18,18,17,20,142.0,3.0,4.0,4.0,8.0,6.0,0.0,0.0,0.0,0.0,0.0,2,3,3,4,4,4,4,4,4,4,70,67,65,69,62,73,85,0,30
361,1995.0,1.0,Hồ Chí Minh,ANTN2013,MMT&TT,2,8.0,D480299,0.0,29.5,0.7144329896907217,0.6336429308565532,0.7018828451882845,7.02,7.51,7.09,7.87,0.0,0.0,7.96,0.0,0.0,0.6363636363636364,22,21,17,19,18,18,15,149.0,4.0,4.0,0.0,0.0,0.0,4.0,0.0,0.0,0.0,0.0,3,4,4,4,4,4,4,4,4,4,94,89,94,96,97,78,80,0,30
70,1995.0,1.0,Gia Lai,HTTT0001,HTTT,0,8.0,D480104,0.0,23.5,0.5505154639175258,0.5603715170278638,0.6464435146443515,5.48,6.5,5.64,7.37,0.0,0.0,7.46,0.0,0.0,0.6363636363636364,22,20,20,17,20,26,21,153.0,3.0,4.0,3.0,7.0,4.0,4.0,0.0,0.0,0.0,0.0,2,2,2,2,2,2,2,2,2,2,88,64,67,52,83,52,66,0,30
800,1996.0,1.0,Bà Rịa - Bà Rịa - Vũng Tàu,KTMT0001,KTMT,1,9.0,D520214,-1.0,-1.0,0.6525773195876289,0.4086687306501548,0.41004184100418406,5.12,3.84,3.95,6.54,0.0,2.47,4.7,0.0,0.5833333333333333,0.7272727272727273,24,19,24,18,20,16,23,147.0,0.0,11.0,16.0,9.0,17.0,8.0,0.0,0.0,4.0,4.0,2,3,3,4,4,4,4,4,4,4,77,71,71,53,52,79,80,0,31
258,1995.0,1.0,Tiền Giang,HTTT0001,HTTT,0,8.0,D480104,0.0,25.0,0.39587628865979385,0.48297213622291024,0.4497907949790795,3.74,4.14,7.07,6.09,0.0,7.27,5.25,0.0,0.8333333333333333,1.0,22,17,25,23,19,22,25,153.0,10.0,7.0,14.0,19.0,15.0,3.0,0.0,0.0,0.0,4.0,2,3,3,4,4,4,4,4,4,4,61,72,73,52,71,64,62,0,31
714,1996.0,1.0,Sông Bé,KTPM2014,CNPM,0,9.0,D480103,-1.0,-1.0,0.6762886597938145,0.6212590299277606,0.4926778242677824,6.6,5.66,7.91,7.34,0.0,8.93,5.91,0.0,0.9166666666666666,0.6363636363636364,17,24,24,23,19,23,17,157.0,3.0,7.0,19.0,0.0,3.0,0.0,0.0,0.0,0.0,0.0,2,3,3,3,3,3,3,3,3,3,86,79,81,73,72,85,80,0,31
47,1995.0,1.0,Đồng Nai,CNTT0001,KTTT,0,8.0,D480201,0.0,22.0,0.5721649484536083,0.6160990712074303,0.6516736401673641,7.25,7.21,7.2,7.89,0.0,7.0,8.1,0.0,0.5,0.6363636363636364,22,18,24,19,15,14,17,139.0,6.0,3.0,4.0,0.0,0.0,0.0,0.0,0.0,0.0,0.0,2,3,3,3,3,3,3,3,3,3,72,69,63,76,75,69,76,0,31
1358,1998.0,1.0,Đồng Tháp,MMTT0001,MMT&TT,0,11.0,D480102,0.0,23.25,0.6237113402061856,0.44788441692466463,0.5073221757322175,6.65,6.39,7.86,7.72,0.0,7.05,8.25,0.0,0.6666666666666666,0.7272727272727273,17,17,19,20,24,24,21,149.0,8.0,15.0,11.0,0.0,0.0,0.0,0.0,0.0,0.0,0.0,0,0,0,2,4,4,4,4,4,4,54,59,71,88,76,75,74,0,31
1571,1998.0,1.0,Đắk Lắk,KTPM0001,CNPM,0,11.0,D480103,0.0,24.25,0.6958762886597939,0.6233230134158927,0.7364016736401673,7.62,5.81,7.68,7.61,0.0,7.4,3.5,0.0,0.3333333333333333,0.2727272727272727,13,17,22,21,16,21,17,154.0,0.0,4.0,0.0,0.0,3.0,0.0,0.0,0.0,0.0,3.0,0,2,2,2,2,3,3,3,3,3,66,80,80,80,85,100,83,0,32
298,1995.0,1.0,Vĩnh Long,MMTT0001,MMT&TT,0,8.0,D480299,0.0,31.0,0.6000000000000001,0.7636738906088752,0.7217573221757322,7.57,7.29,7.77,6.81,0.0,7.4,0.0,0.0,0.25,0.2727272727272727,22,21,24,17,15,14,15,150.0,4.0,0.0,0.0,0.0,0.0,0.0,0.0,0.0,0.0,3.0,2,3,3,4,4,4,4,4,4,4,80,93,86,78,70,62,52,1,32
1410,1998.0,1.0,An Giang,CNTT2016,KTTT,0,11.0,D480201,0.0,23.0,0.8257731958762887,0.6068111455108359,0.8702928870292886,7.5,7.26,7.53,7.56,0.0,8.2,8.8,0.0,0.3333333333333333,0.36363636363636365,17,19,23,20,19,16,17,141.0,0.0,8.0,0.0,0.0,0.0,0.0,0.0,0.0,0.0,0.0,2,4,4,4,4,4,4,4,4,4,76,90,95,95,90,80,98,0,32
140,1995.0,1.0,Hồ Chí Minh,MMTT0001,MMT&TT,2,8.0,D480299,0.0,30.0,0.7711340206185568,0.9236326109391125,0.8702928870292886,8.86,8.8,9.09,8.73,0.0,8.4,9.0,0.0,0.25,0.2727272727272727,22,21,22,21,10,14,15,150.0,0.0,0.0,0.0,0.0,0.0,0.0,0.0,0.0,0.0,0.0,2,3,3,4,4,4,4,4,4,4,87,94,87,85,88,69,72,2,32
1573,1998.0,1.0,Quảng Ngãi,KTPM0001,CNPM,0,11.0,D480103,3.0,-1.0,0.6855670103092785,0.6522187822497421,0.6956066945606695,7.15,7.04,6.88,6.43,0.0,7.9,6.2,0.0,0.3333333333333333,0.36363636363636365,17,19,24,19,14,19,17,153.0,0.0,7.0,0.0,0.0,0.0,0.0,2.0,0.0,0.0,0.0,2,4,4,4,4,4,4,4,4,4,72,73,76,75,76,80,72,0,32
699,1996.0,0.0,Lâm Đồng,HTTT2014,HTTT,0,9.0,D480104,-1.0,-1.0,0.5639175257731959,0.7481940144478845,0.7426778242677824,7.44,7.08,6.99,7.46,0.0,8.7,0.0,0.0,0.3333333333333333,0.0,17,22,23,18,20,19,17,153.0,4.0,0.0,4.0,0.0,0.0,0.0,0.0,0.0,0.0,0.0,2,3,3,3,3,3,4,4,4,4,77,82,88,82,75,83,81,0,33
1905,1996.0,1.0,Đà Nẵng,HTCL2017.2,HTTT,1,12.0,D480104,0.0,22.0,0.5721649484536083,0.586171310629515,0.6673640167364017,6.68,6.88,7.66,6.74,0.0,6.9,0.0,0.0,0.3333333333333333,0.0,15,18,20,23,23,14,20,148.0,3.0,4.0,0.0,0.0,0.0,0.0,0.0,0.0,0.0,0.0,2,2,2,3,3,3,4,4,4,4,78,84,76,75,81,81,75,1,33
653,1996.0,1.0,Bình Thuận,KTMT0001,KTMT,0,9.0,D520214,-1.0,-1.0,0.6701030927835052,0.6646026831785347,0.8064853556485355,7.33,6.89,7.07,8.01,0.0,9.3,0.0,0.0,0.25,0.0,17,22,21,20,17,15,19,147.0,7.0,4.0,0.0,0.0,0.0,0.0,0.0,0.0,0.0,0.0,2,3,3,4,4,4,4,4,4,4,67,79,88,73,64,75,76,0,33
1739,1998.0,1.0,Hồ Chí Minh,MTCL2017.1,KTMT,1,12.0,D520214,0.0,20.75,0.5649484536082475,0.7285861713106295,0.6443514644351465,6.44,5.91,7.29,7.43,0.0,6.6,0.0,0.0,0.3333333333333333,0.0,15,19,21,16,23,18,14,138.0,8.0,0.0,4.0,0.0,4.0,4.0,0.0,0.0,0.0,0.0,1,1,1,1,1,1,3,3,3,3,85,80,80,80,84,71,76,0,33
88,1995.0,1.0,Đồng Nai,KTMT2013,KTMT,0,8.0,D520214,0.0,25.5,0.6113402061855671,0.7574819401444789,0.7635983263598326,7.65,7.98,7.98,8.84,0.0,5.0,0.0,0.0,0.3333333333333333,0.0,22,19,20,20,16,16,17,152.0,0.0,0.0,4.0,0.0,0.0,0.0,0.0,0.0,0.0,0.0,2,3,3,3,3,3,3,3,3,3,88,81,85,78,92,75,76,1,33
2142,2000.0,1.0,Tây Ninh,KHMT2018,KHMT,0,13.0,D480101,4.0,25.03,0.7649484536082475,0.7636738906088752,0.7813807531380752,8.41,7.87,8.78,8.79,0.0,0.0,0.0,0.0,0.0,0.0,13,19,18,22,17,20,14,131.0,0.0,0.0,0.0,4.0,0.0,0.0,0.0,0.0,0.0,0.0,0,0,0,0,0,0,0,0,0,3,81,75,74,86,100,100,100,2,34
131,1995.0,0.0,Trà Vinh,MMTT2013,MMT&TT,0,8.0,D480102,0.0,26.5,0.7525773195876289,0.7977296181630548,0.8797071129707112,8.69,7.93,8.27,7.84,0.0,0.0,0.0,0.0,0.0,0.0,22,20,23,18,18,15,15,152.0,0.0,0.0,0.0,0.0,0.0,0.0,0.0,0.0,0.0,0.0,2,3,3,4,4,4,4,4,4,4,100,89,97,88,84,83,69,2,34
840,1996.0,1.0,Trà Vinh,KTMT0001,KTMT,1,9.0,D520214,-1.0,-1.0,0.7278350515463917,0.7244582043343654,0.7803347280334728,7.62,7.85,7.37,7.57,0.0,0.0,0.0,0.0,0.0,0.0,24,21,24,16,16,15,18,149.0,0.0,0.0,0.0,0.0,0.0,0.0,0.0,0.0,0.0,0.0,2,3,3,4,4,4,4,4,4,4,84,78,64,57,64,79,80,1,34
1463,1998.0,1.0,Hồ Chí Minh,HTTT0001,HTTT,1,11.0,D480104,0.0,20.25,0.7123711340206186,0.7296181630546956,0.8138075313807531,7.32,6.5,6.18,7.65,0.0,0.0,0.0,0.0,0.0,0.0,19,19,23,22,16,20,15,157.0,0.0,0.0,0.0,0.0,0.0,0.0,0.0,0.0,0.0,0.0,2,4,4,4,4,4,4,4,4,4,70,70,68,73,86,74,79,1,34
2255,2000.0,0.0,Phú Yên,ATCL2018.1,MMT&TT,1,13.0,D480299,0.0,20.55,0.6989690721649485,0.73890608875129,0.7709205020920502,7.61,7.0,8.5,9.42,0.0,0.0,0.0,0.0,0.0,0.0,16,21,19,15,20,20,16,140.0,3.0,0.0,0.0,4.0,0.0,0.0,0.0,0.0,0.0,0.0,1,1,1,1,3,3,3,3,3,3,100,95,94,91,100,100,100,0,34
282,1994.0,1.0,Hà Tĩnh,KHMT2013,KHMT,0,8.0,D480101,0.0,23.0,0.5855670103092784,0.5675954592363261,0.6841004184100418,6.88,7.22,5.58,6.78,5.0,0.0,0.0,0.25,0.0,0.0,22,22,26,21,20,16,16,143.0,7.0,11.0,0.0,0.0,0.0,0.0,0.0,0.0,0.0,0.0,0,0,0,2,3,3,4,4,4,4,66,79,87,96,90,75,54,1,35
2130,2000.0,1.0,Hồ Chí Minh,PMCL2018.1,CNPM,1,13.0,D480103,4.0,24.27,0.7340206185567011,0.5459236326109391,0.6359832635983264,6.97,7.16,6.15,7.64,6.7,0.0,0.0,0.3333333333333333,0.0,0.0,21,21,20,23,24,17,21,155.0,4.0,4.0,3.0,0.0,0.0,3.0,3.0,0.0,0.0,0.0,3,3,4,4,5,5,6,6,6,6,95,80,80,77,77,81,79,0,35
2349,2000.0,1.0,Đồng Nai,MTCL2018.1,KTMT,1,13.0,D520214,0.0,20.65,0.6680412371134021,0.6295149638802889,0.7238493723849372,7.18,7.16,7.49,8.24,8.5,0.0,0.0,0.3333333333333333,0.0,0.0,17,16,20,18,17,21,10,150.0,20.0,4.0,1.0,0.0,0.0,0.0,0.0,0.0,0.0,0.0,1,1,1,6,6,6,6,6,6,6,85,80,86,79,81,91,83,0,35
1977,1999.0,1.0,Đồng Tháp,MMTT2017,MMT&TT,0,12.0,D480102,0.0,25.25,0.4453608247422681,0.5541795665634676,0.6924686192468619,7.28,7.24,6.98,7.58,8.6,0.0,0.0,0.25,0.0,0.0,20,17,22,18,22,17,14,138.0,13.0,4.0,0.0,0.0,2.0,0.0,0.0,0.0,0.0,0.0,4,4,4,4,4,4,4,4,4,4,40,73,80,75,66,73,81,0,35
455,1996.0,1.0,Sóc Trăng,HTTT0001,HTTT,0,9.0,D52480104,-1.0,-1.0,0.6608247422680413,0.6408668730650156,0.702928870292887,6.61,6.65,6.95,6.79,6.6,0.0,0.0,0.25,0.0,0.0,17,22,24,17,24,24,14,154.0,3.0,4.0,0.0,0.0,0.0,0.0,0.0,0.0,0.0,0.0,2,3,3,4,4,4,4,4,4,4,78,73,93,75,77,75,65,1,35
1522,1998.0,0.0,Đồng Nai,HTTT0001,HTTT,4,11.0,D480104,0.0,20.5,0.6577319587628866,0.7378740970072241,0.7792887029288703,7.99,6.84,7.35,6.64,7.33,0.0,6.7,0.5,0.0,0.36363636363636365,17,13,22,20,17,24,16,158.0,0.0,0.0,0.0,0.0,0.0,0.0,3.0,0.0,0.0,0.0,2,2,2,2,2,2,2,2,2,2,73,83,85,85,85,75,81,1,36
845,1996.0,1.0,Đồng Tháp,KHMT0001,KHMT,0,9.0,D480101,-1.0,-1.0,0.7402061855670103,0.7564499484004129,0.8483263598326359,8.5,8.2,7.28,8.13,8.3,0.0,6.8,0.25,0.0,0.2727272727272727,17,24,23,20,16,16,19,143.0,3.0,3.0,0.0,0.0,0.0,0.0,0.0,0.0,0.0,0.0,2,3,3,4,4,4,4,4,4,4,96,87,100,84,92,90,90,1,36
49,1995.0,1.0,Bình Thuận,KTPM0001,CNPM,0,8.0,D480103,0.0,27.5,0.6515463917525774,0.7874097007223942,0.7970711297071129,7.43,5.53,5.65,5.43,8.0,0.0,8.5,0.25,0.0,0.2727272727272727,22,19,25,25,15,19,14,157.0,3.0,0.0,0.0,0.0,3.0,0.0,4.0,0.0,0.0,0.0,2,3,3,4,4,4,4,4,4,4,85,86,83,83,65,67,66,0,36
665,1995.0,1.0,Hồ Chí Minh,KHMT0001,KHMT,0,9.0,D480101,-1.0,-1.0,0.554639175257732,0.7007223942208463,0.7123430962343096,6.15,6.11,4.1,5.03,7.95,0.0,1.3,0.5,0.0,0.36363636363636365,13,22,26,15,15,16,28,147.0,6.0,0.0,0.0,7.0,0.0,8.0,12.0,0.0,0.0,4.0,2,2,2,2,2,2,2,2,2,2,86,87,66,70,88,75,89,0,36
288,1995.0,1.0,Long An,MMTT0001,MMT&TT,0,8.0,D480299,0.0,28.0,0.6989690721649485,0.7843137254901961,0.8263598326359832,8.44,8.01,8.73,8.81,10.0,0.0,8.0,0.3333333333333333,0.0,0.2727272727272727,18,21,22,23,18,14,15,150.0,4.0,0.0,0.0,0.0,0.0,0.0,0.0,0.0,0.0,0.0,2,2,2,3,4,4,4,4,4,4,88,97,91,96,91,84,87,2,36
1015,1997.0,1.0,An Giang,CNTT0001,KTTT,0,10.0,D480201,-1.0,-1.0,0.677319587628866,0.4602683178534572,0.0,0.0,7.11,7.04,7.72,0.0,8.1,0.0,0.0,0.3333333333333333,0.0,17,21,0,0,23,24,20,139.0,4.0,15.0,0.0,0.0,0.0,0.0,0.0,0.0,0.0,0.0,2,4,4,4,4,4,4,4,4,4,86,82,0,0,85,90,86,0,37
1614,1998.0,1.0,Đắk Lắk,CNTT0001,KTTT,0,11.0,D480201,0.0,22.25,0.6608247422680413,0.0,0.0,6.95,6.3,7.73,7.76,0.0,0.0,0.0,0.0,0.0,0.0,17,0,0,16,21,19,19,142.0,0.0,0.0,0.0,0.0,4.0,0.0,0.0,0.0,0.0,0.0,2,2,2,2,4,4,4,4,4,4,60,0,0,83,90,85,83,1,37
1268,1998.0,1.0,Trà Vinh,MMTT0001,MMT&TT,0,11.0,D480102,0.0,25.0,0.7670103092783506,0.7750257997936016,0.0,0.0,7.24,7.15,7.24,0.0,0.0,0.0,0.0,0.0,0.0,17,17,0,0,17,21,22,152.0,0.0,2.0,0.0,0.0,0.0,0.0,0.0,0.0,0.0,0.0,2,2,2,2,2,2,3,4,4,4,69,90,0,0,76,80,88,1,37
454,1996.0,1.0,Gia Lai,KHMT0001,KHMT,0,9.0,D480101,-1.0,-1.0,0.5422680412371135,0.3508771929824562,0.27405857740585776,6.94,6.93,5.78,6.72,0.0,0.0,0.0,0.0,0.0,0.0,17,19,17,18,26,26,24,144.0,6.0,11.0,11.0,0.0,0.0,2.0,0.0,0.0,0.0,0.0,2,2,2,2,3,3,3,3,3,3,74,65,65,50,56,54,76,0,37
1414,1998.0,0.0,Kiên Giang,KTPM0001,CNPM,1,11.0,D480103,0.0,21.0,0.7876288659793814,0.5170278637770898,0.0,6.24,7.0,8.48,5.78,0.0,7.2,0.0,0.0,0.3333333333333333,0.0,15,17,0,21,22,16,21,153.0,0.0,7.0,0.0,0.0,0.0,0.0,3.0,0.0,0.0,0.0,1,2,2,2,2,2,3,4,4,4,80,80,0,65,80,80,100,0,37
1594,1998.0,1.0,Kon Tum,KHMT0001,KHMT,0,11.0,D480101,0.0,21.0,0.6247422680412371,0.4798761609907121,0.5941422594142259,7.22,7.17,7.03,7.04,0.0,7.95,0.0,0.0,0.6666666666666666,0.0,13,17,24,24,24,21,20,142.0,4.0,11.0,8.0,0.0,0.0,0.0,0.0,0.0,0.0,0.0,0,2,2,2,2,2,3,4,4,4,66,84,80,90,86,85,77,0,38
1052,1997.0,1.0,Hồ Chí Minh,KHMT2015,KHMT,0,10.0,D480101,-1.0,-1.0,0.7072164948453609,0.2260061919504644,0.8378661087866108,8.26,8.96,8.86,8.66,0.0,7.95,0.0,0.0,0.6666666666666666,0.0,19,21,26,25,23,22,20,155.0,4.0,21.0,0.0,0.0,0.0,0.0,0.0,0.0,0.0,0.0,2,2,2,4,4,4,4,4,4,4,61,45,53,76,95,100,100,0,38
84,1995.0,1.0,Bình Thuận,TMĐT2013,HTTT,0,8.0,D52480104,0.0,26.5,0.5268041237113403,0.2951496388028896,0.645397489539749,5.03,6.58,7.28,6.76,0.0,8.85,0.0,0.0,0.5,0.0,22,22,18,18,24,22,23,153.0,8.0,11.0,4.0,3.0,0.0,0.0,4.0,0.0,0.0,0.0,2,2,2,2,3,3,3,3,3,3,62,68,55,57,79,75,60,0,38
886,1997.0,1.0,Long An,KHMT2015,KHMT,0,10.0,D480101,-1.0,-1.0,0.6835051546391753,0.456140350877193,0.5313807531380753,7.86,8.24,7.28,7.08,0.0,5.9,0.0,0.0,0.6666666666666666,0.0,17,20,24,21,22,21,16,145.0,0.0,13.0,8.0,0.0,0.0,0.0,0.0,0.0,0.0,0.0,2,4,4,4,4,4,4,4,4,4,84,66,65,80,80,83,81,0,38
417,1996.0,1.0,Hồ Chí Minh,KTPM0001,CNPM,1,9.0,D480103,-1.0,-1.0,0.654639175257732,0.3508771929824562,0.6255230125523012,6.41,5.56,5.77,7.19,0.0,2.94,0.0,0.0,0.5833333333333333,0.0,24,24,18,18,18,19,17,155.0,4.0,20.0,4.0,4.0,3.0,4.0,0.0,0.0,4.0,0.0,3,4,4,4,4,4,4,4,4,4,68,57,70,4,18,45,68,0,38
2541,2000.0,1.0,Đồng Nai,KTMT2018,KTMT,0,13.0,D520214,0.0,22.2,0.8185567010309279,0.6604747162022705,0.7248953974895397,6.96,7.97,8.86,6.11,0.0,0.0,0.0,0.0,0.0,0.0,21,16,16,17,19,23,18,146.0,4.0,0.0,1.0,0.0,0.0,0.0,0.0,0.0,0.0,0.0,3,3,3,3,3,3,3,3,3,3,95,95,96,72,100,91,100,1,39
2494,1999.0,1.0,Lâm Đồng,HTCL2018.2,HTTT,1,13.0,D480104,0.0,19.9,0.7536082474226804,0.6449948400412797,0.6903765690376569,6.88,7.18,7.74,7.01,0.0,0.0,0.0,0.0,0.0,0.0,19,22,17,20,17,17,18,150.0,0.0,0.0,4.0,12.0,2.0,0.0,0.0,0.0,0.0,0.0,2,3,3,3,3,3,6,6,6,6,85,80,72,72,74,81,79,0,39
763,1996.0,1.0,Khánh Hòa,CNTT0001,KTTT,0,9.0,D480201,-1.0,-1.0,0.7886597938144331,0.6563467492260062,0.7677824267782426,7.23,7.78,7.41,7.47,0.0,0.0,0.0,0.0,0.0,0.0,13,19,26,18,22,17,16,141.0,0.0,0.0,0.0,0.0,0.0,0.0,0.0,0.0,0.0,0.0,2,2,2,3,4,4,4,4,4,4,69,79,84,63,66,64,76,1,39
927,1997.0,1.0,Nam Định,KTMT0001,KTMT,0,10.0,D520214,-1.0,-1.0,0.8268041237113403,0.6842105263157895,0.7144351464435146,6.38,7.27,8.13,7.21,0.0,0.0,0.0,0.0,0.0,0.0,17,22,21,17,16,15,16,151.0,0.0,0.0,0.0,0.0,0.0,0.0,0.0,0.0,0.0,0.0,2,4,4,4,4,4,4,4,4,4,85,71,64,75,81,75,80,1,39
3041,2001.0,1.0,Bà Rịa - Bà Rịa - Vũng Tàu,KHMT2019,KHMT,0,14.0,D480101,0.0,24.95,0.8061855670103094,0.5820433436532508,0.8106694560669456,8.7,7.53,7.6,7.87,0.0,0.0,0.0,0.0,0.0,0.0,13,18,20,8,24,24,14,129.0,0.0,4.0,0.0,0.0,0.0,0.0,12.0,0.0,0.0,0.0,2,2,2,2,2,2,2,2,2,2,87,79,88,81,100,79,74,0,39
2485,2000.0,1.0,Hồ Chí Minh,KHMT2018,KHMT,0,13.0,D480101,0.0,22.7,0.6917525773195877,0.8307533539731683,0.8566945606694559,8.36,8.0,9.11,8.8,8.5,0.0,0.0,0.3333333333333333,0.0,0.0,13,15,22,19,23,14,10,132.0,12.0,0.0,0.0,0.0,0.0,0.0,0.0,0.0,0.0,0.0,-1,-1,-1,-1,-1,-1,-1,-1,-1,-1,73,68,76,85,100,100,96,1,40
2104,1999.0,1.0,Tây Ninh,PMCL2018.2,CNPM,1,12.0,D480103,0.0,23.5,0.7216494845360826,0.7564499484004129,0.7301255230125523,6.91,7.61,8.18,8.14,8.2,0.0,0.0,0.16666666666666666,0.0,0.0,6,9,25,24,20,14,22,150.0,0.0,0.0,0.0,0.0,0.0,0.0,0.0,0.0,0.0,0.0,2,3,3,4,5,5,6,6,6,6,80,85,85,75,83,78,78,1,40
2529,2000.0,1.0,Lâm Đồng,MMCL2018.1,MMT&TT,1,13.0,7480102,0.0,20.0,0.7237113402061855,0.7760577915376677,0.7625523012552301,7.56,6.55,7.48,8.41,6.6,0.0,0.0,0.3333333333333333,0.0,0.0,17,21,14,20,22,22,11,145.0,4.0,0.0,4.0,0.0,0.0,0.0,0.0,0.0,0.0,0.0,1,1,1,1,3,3,4,5,5,5,85,95,100,96,91,93,100,0,40
656,1996.0,0.0,Hồ Chí Minh,KTMT0001,KTMT,0,9.0,D520214,-1.0,-1.0,0.7061855670103093,0.6996904024767803,0.8389121338912133,7.93,7.62,7.88,8.28,7.3,0.0,0.0,0.3333333333333333,0.0,0.0,17,22,19,20,15,16,16,151.0,4.0,0.0,0.0,0.0,0.0,0.0,0.0,0.0,0.0,0.0,2,3,3,3,4,4,4,4,4,4,84,72,100,69,64,73,76,1,40
1286,1998.0,1.0,Hồ Chí Minh,HTTT0001,HTTT,1,11.0,D480104,0.0,21.0,0.722680412371134,0.6604747162022705,0.7646443514644351,7.66,6.72,6.6,8.39,7.2,0.0,0.0,0.3333333333333333,0.0,0.0,19,19,24,22,20,15,17,153.0,4.0,0.0,0.0,0.0,0.0,0.0,0.0,0.0,0.0,0.0,2,4,4,4,4,4,4,4,4,4,72,76,86,80,76,75,81,1,40
83,1995.0,1.0,Long An,KHMT2013,KHMT,0,8.0,D480101,0.0,24.5,0.520618556701031,0.5242518059855522,0.7217573221757322,4.77,6.75,3.46,6.35,5.9,0.0,3.5,0.8333333333333333,0.0,0.5454545454545454,22,19,24,20,21,23,24,146.0,10.0,7.0,0.0,6.0,3.0,15.0,3.0,3.0,0.0,6.0,2,3,3,4,4,4,4,4,4,4,69,82,88,67,67,74,64,0,41
243,1995.0,0.0,Đồng Nai,MMTT2013,MMT&TT,0,8.0,D480102,0.0,26.0,0.6237113402061856,0.6398348813209495,0.7562761506276151,7.62,7.91,7.36,6.98,5.0,0.0,5.8,0.5833333333333333,0.0,0.2727272727272727,22,22,22,20,15,20,15,151.0,3.0,4.0,0.0,0.0,0.0,0.0,0.0,3.0,0.0,0.0,2,3,3,4,4,4,4,4,4,4,78,78,78,82,89,86,72,0,41
557,1995.0,1.0,Hồ Chí Minh,KHMT0001,KHMT,0,9.0,D480101,-1.0,-1.0,0.5216494845360825,0.6243550051599588,0.7562761506276151,7.19,7.92,7.72,8.17,8.49,7.9,6.6,0.5833333333333333,0.25,0.2727272727272727,17,15,21,16,22,20,15,144.0,10.0,3.0,0.0,0.0,0.0,0.0,0.0,0.0,0.0,0.0,2,3,3,3,4,4,4,4,4,4,66,43,70,66,64,68,80,0,41
85,1995.0,1.0,Hồ Chí Minh,KHMT0001,KHMT,0,8.0,D480101,0.0,24.0,0.4804123711340207,0.5490196078431373,0.5230125523012552,6.55,6.1,5.91,5.94,3.55,0.0,2.0,0.8333333333333333,0.0,0.36363636363636365,22,22,30,19,24,19,21,144.0,15.0,11.0,11.0,0.0,8.0,7.0,7.0,6.0,0.0,4.0,2,3,3,4,4,4,4,4,4,4,70,73,86,98,91,82,65,0,41
332,1995.0,1.0,Hồ Chí Minh,HTTT0001,HTTT,0,8.0,D52480104,0.0,24.5,0.6701030927835052,0.4943240454076368,0.6631799163179916,6.94,7.16,5.72,7.15,5.29,0.0,5.6,0.5833333333333333,0.0,0.36363636363636365,22,19,25,18,28,29,6,153.0,0.0,7.0,4.0,0.0,4.0,3.0,0.0,0.0,0.0,0.0,2,3,3,3,3,3,3,3,3,3,83,66,68,84,82,59,68,0,41
283,1995.0,1.0,Phú Yên,CNTT2013,KTTT,0,8.0,D480201,0.0,24.0,0.47319587628865983,0.27966976264189886,0.7552301255230125,5.4,6.44,7.43,7.42,6.17,7.0,0.0,0.75,0.3333333333333333,0.0,22,19,30,26,20,20,26,147.0,14.0,15.0,0.0,8.0,5.0,0.0,0.0,0.0,0.0,0.0,2,3,3,3,4,4,4,4,4,4,77,80,97,64,78,69,64,1,42
2141,2000.0,0.0,Đồng Tháp,KTPM2018,CNPM,0,13.0,D480103,4.0,27.2,0.17938144329896907,0.0,0.8064853556485355,7.32,7.89,8.78,8.54,8.9,0.0,0.0,0.6666666666666666,0.0,0.0,17,0,20,19,19,17,20,142.0,29.0,0.0,0.0,4.0,0.0,0.0,0.0,0.0,0.0,0.0,-1,-1,-1,-1,-1,-1,-1,-1,-1,-1,63,41,68,66,71,78,81,0,42
306,1995.0,1.0,Đồng Nai,MMTT0001,MMT&TT,0,8.0,D480299,0.0,27.5,0.5154639175257733,0.34055727554179566,0.7102510460251046,2.37,7.48,7.1,6.89,8.5,6.7,0.0,0.5833333333333333,0.3333333333333333,0.0,18,22,14,22,24,27,26,153.0,7.0,12.0,0.0,22.0,0.0,0.0,3.0,0.0,0.0,0.0,0,0,0,2,2,2,2,3,3,4,61,55,89,64,95,66,62,1,42
218,1995.0,1.0,Quảng Ngãi,KHMT0001,KHMT,0,8.0,D480101,0.0,25.0,0.40103092783505156,0.3581011351909185,0.8242677824267782,6.75,6.84,8.01,5.02,6.75,0.0,0.0,0.5,0.0,0.0,22,15,25,17,27,22,20,144.0,18.0,7.0,0.0,5.0,4.0,0.0,8.0,0.0,0.0,0.0,0,0,0,0,0,0,0,0,0,2,60,51,75,57,74,58,60,1,42
431,1995.0,1.0,Hồ Chí Minh,KTMT0001,KTMT,0,9.0,D520214,-1.0,-1.0,0.48865979381443303,0.30546955624355004,0.6276150627615062,6.49,6.65,5.96,6.99,8.91,7.9,0.0,0.5833333333333333,0.25,0.0,17,17,24,20,19,19,18,147.0,10.0,15.0,0.0,0.0,3.0,4.0,0.0,0.0,0.0,0.0,2,2,2,3,4,4,4,4,4,4,62,55,57,62,53,64,49,0,42
31,1995.0,1.0,Vĩnh Long,KTMT2013,KTMT,0,8.0,D520214,0.0,23.0,0.5072164948453609,0.5077399380804953,0.6025104602510459,5.2,6.49,7.32,8.28,6.0,8.2,10.0,0.25,0.25,0.2727272727272727,18,18,19,18,20,27,17,147.0,3.0,7.0,3.0,11.0,0.0,0.0,0.0,0.0,0.0,0.0,2,2,2,2,2,2,3,4,4,4,76,74,100,58,100,74,76,0,43
73,1995.0,1.0,Đồng Nai,KTMT2013,KTMT,0,8.0,D520214,0.0,25.5,0.5814432989690722,0.5098039215686275,0.6621338912133891,7.26,6.83,6.85,7.15,0.0,5.0,7.2,0.0,0.3333333333333333,0.2727272727272727,22,18,21,18,17,16,17,150.0,3.0,7.0,0.0,0.0,0.0,0.0,0.0,0.0,0.0,0.0,2,3,3,4,4,4,4,4,4,4,77,74,89,88,96,84,74,1,43
507,1996.0,1.0,Thanh Hóa,MMTT0001,MMT&TT,0,9.0,D480102,-1.0,-1.0,0.5484536082474227,0.44582043343653255,0.7698744769874477,6.76,6.2,7.45,5.53,5.4,7.8,6.2,0.25,0.3333333333333333,0.2727272727272727,17,19,20,19,16,23,16,149.0,3.0,11.0,0.0,0.0,4.0,3.0,2.0,0.0,0.0,0.0,2,3,3,4,4,4,4,4,4,4,73,71,76,66,62,57,85,1,43
1586,1998.0,1.0,Tiền Giang,KTMT0001,KTMT,0,11.0,D520214,0.0,21.0,0.7020618556701032,0.48916408668730654,0.700836820083682,7.0,7.24,7.7,8.09,0.0,8.0,9.2,0.0,0.3333333333333333,0.2727272727272727,17,21,22,21,19,20,13,148.0,0.0,15.0,0.0,0.0,3.0,0.0,0.0,0.0,0.0,0.0,2,4,4,4,4,4,4,4,4,4,79,88,85,75,85,90,85,0,43
1346,1998.0,1.0,Lâm Đồng,KHMT0001,KHMT,0,11.0,D480101,0.0,22.5,0.7020618556701032,0.5614035087719299,0.7050209205020921,6.29,6.7,6.53,6.94,0.0,6.2,7.1,0.0,0.3333333333333333,0.36363636363636365,13,15,24,24,20,23,23,147.0,4.0,7.0,3.0,4.0,0.0,2.0,4.0,0.0,0.0,0.0,0,2,2,2,2,2,3,3,3,3,56,60,80,80,76,75,78,0,43
1416,1998.0,1.0,Cần Thơ,KHMT0001,KHMT,0,11.0,D480101,0.0,22.25,0.7896907216494846,0.7069143446852425,0.8315899581589958,7.45,8.48,7.19,7.5,0.0,0.0,0.0,0.0,0.0,0.0,17,19,20,19,22,23,16,142.0,0.0,4.0,0.0,0.0,0.0,0.0,0.0,0.0,0.0,0.0,2,2,2,2,4,4,4,4,4,4,69,79,80,90,73,68,74,1,44
1163,1997.0,1.0,Kiên Giang,CNTT0001,KTTT,0,10.0,D480201,-1.0,-1.0,0.7793814432989691,0.6315789473684211,0.807531380753138,7.01,7.52,7.29,7.46,0.0,0.0,0.0,0.0,0.0,0.0,17,20,24,15,22,21,18,140.0,0.0,4.0,0.0,3.0,0.0,0.0,0.0,0.0,0.0,0.0,2,2,2,2,2,2,4,4,4,4,87,89,71,76,80,80,80,0,44
1327,1998.0,1.0,Đắk Lắk,HTTT2016,HTTT,0,11.0,D480104,0.0,22.0,0.741237113402062,0.6532507739938082,0.7751046025104602,7.39,6.76,6.13,7.59,0.0,0.0,0.0,0.0,0.0,0.0,17,20,19,15,15,23,23,154.0,0.0,4.0,0.0,0.0,0.0,4.0,0.0,0.0,0.0,0.0,2,4,4,4,4,4,4,4,4,4,73,82,80,85,90,75,89,0,44
1093,1997.0,1.0,Hồ Chí Minh,KTMT2015,KTMT,0,10.0,D520214,-1.0,-1.0,0.7958762886597939,0.7203302373581012,0.8326359832635983,7.97,7.94,7.41,7.88,0.0,0.0,0.0,0.0,0.0,0.0,17,18,18,21,22,16,17,148.0,4.0,0.0,0.0,0.0,0.0,0.0,0.0,0.0,0.0,0.0,4,4,4,4,4,4,4,4,4,4,92,71,44,75,80,80,76,1,44
2875,2001.0,1.0,An Giang,CNTT2019,KTTT,0,14.0,D480201,0.0,24.75,0.8701030927835052,0.5665634674922602,0.9194560669456066,8.8,8.88,9.15,9.48,0.0,0.0,0.0,0.0,0.0,0.0,16,19,18,22,17,18,15,129.0,12.0,8.0,0.0,0.0,0.0,0.0,0.0,0.0,0.0,0.0,4,4,4,4,4,4,4,4,4,4,90,100,81,100,100,100,100,1,44
276,1995.0,1.0,Sông Bé,CNTT2013,KTTT,0,8.0,D480201,0.0,24.0,0.6134020618556701,0.44582043343653255,0.7719665271966527,6.28,7.17,7.48,6.45,4.05,0.0,0.0,0.8333333333333333,0.0,0.0,22,19,21,22,23,21,17,142.0,3.0,8.0,0.0,4.0,0.0,0.0,4.0,4.0,0.0,0.0,2,2,2,2,3,3,3,3,3,3,85,70,92,61,80,76,68,0,45
285,1995.0,1.0,Bà Rịa - Bà Rịa - Vũng Tàu,MMTT0001,MMT&TT,0,8.0,D480299,0.0,26.0,0.6814432989690723,0.6862745098039217,0.75,6.88,7.54,8.69,8.6,7.17,0.0,8.8,1.0,0.0,0.2727272727272727,22,17,22,15,18,14,15,150.0,0.0,0.0,0.0,0.0,0.0,0.0,0.0,4.0,0.0,0.0,2,3,3,4,4,4,4,4,4,4,76,70,86,79,93,79,68,1,45
98,1995.0,0.0,Trà Vinh,TMĐT2013,HTTT,0,8.0,D52480104,0.0,24.0,0.6515463917525774,0.7450980392156863,0.7573221757322176,7.19,7.83,7.31,8.31,7.6,0.0,0.0,0.8333333333333333,0.0,0.0,22,16,17,22,24,22,10,153.0,3.0,0.0,0.0,0.0,0.0,0.0,0.0,0.0,0.0,0.0,2,2,2,3,4,4,4,4,4,4,85,100,100,100,100,90,66,1,45
312,1995.0,1.0,Đồng Tháp,KTMT0001,KTMT,0,8.0,D520214,0.0,25.5,0.6185567010309279,0.6955624355005161,0.7301255230125523,7.0,6.42,6.69,7.17,8.23,0.0,0.0,0.9166666666666666,0.0,0.0,22,19,25,17,19,14,15,150.0,3.0,0.0,4.0,4.0,0.0,0.0,0.0,0.0,0.0,0.0,2,3,3,3,3,3,4,4,4,4,71,81,67,45,54,62,64,0,45
207,1995.0,1.0,Hà Nam Ninh,KTMT2013,KTMT,0,8.0,D520214,0.0,25.0,0.5979381443298969,0.7141382868937048,0.7719665271966527,7.38,7.37,8.05,7.74,8.36,0.0,0.0,0.9166666666666666,0.0,0.0,22,18,25,15,16,15,17,156.0,8.0,0.0,0.0,0.0,0.0,0.0,0.0,0.0,0.0,0.0,2,3,3,4,4,4,4,4,4,4,97,100,100,100,100,99,84,0,45
768,1996.0,1.0,Bạc Liêu,MMTT0001,MMT&TT,0,9.0,D480299,-1.0,-1.0,0.7082474226804124,0.6738906088751291,0.645397489539749,8.14,8.07,7.49,7.64,0.0,0.0,0.0,0.0,0.0,0.0,24,23,26,19,18,20,15,154.0,5.0,4.0,4.0,0.0,0.0,0.0,0.0,0.0,0.0,0.0,2,3,3,3,3,3,4,4,4,4,82,75,71,70,66,74,80,0,46
1862,1999.0,1.0,Cà Mau,ATCL2017,MMT&TT,1,12.0,D480299,0.0,22.0,0.6804123711340206,0.6130030959752323,0.6412133891213389,7.07,6.44,7.38,6.88,0.0,0.0,0.0,0.0,0.0,0.0,20,20,23,19,17,19,16,147.0,0.0,0.0,0.0,0.0,0.0,0.0,0.0,0.0,0.0,0.0,2,4,4,4,5,5,6,6,6,6,100,90,100,100,81,98,84,1,46
1920,1999.0,0.0,Đồng Tháp,MMTT2017,MMT&TT,0,12.0,D480102,0.0,25.5,0.7103092783505155,0.6119711042311662,0.6809623430962343,7.07,6.38,7.31,7.64,0.0,0.0,0.0,0.0,0.0,0.0,20,22,20,22,19,23,8,140.0,0.0,0.0,2.0,4.0,2.0,0.0,0.0,0.0,0.0,0.0,2,4,4,4,4,4,4,4,4,4,100,95,100,100,100,100,92,0,46
2546,2000.0,1.0,Bình Dương,MTCL2018.3,KTMT,1,13.0,D520214,0.0,19.3,0.7422680412371134,0.6377708978328174,0.559623430962343,5.19,5.83,7.63,8.4,0.0,0.0,0.0,0.0,0.0,0.0,21,24,20,23,21,18,14,148.0,0.0,0.0,1.0,12.0,4.0,0.0,0.0,0.0,0.0,0.0,2,3,3,3,4,4,5,5,5,5,85,80,100,99,97,100,100,0,46
127,1995.0,1.0,Sông Bé,KTMT0001,KTMT,0,8.0,D520214,0.0,30.0,0.6701030927835052,0.6790505675954593,0.6725941422594142,7.46,7.39,6.98,8.04,0.0,0.0,0.0,0.0,0.0,0.0,22,20,21,18,18,17,13,153.0,0.0,0.0,0.0,0.0,0.0,0.0,0.0,0.0,0.0,0.0,2,3,3,4,4,4,4,4,4,4,82,76,82,78,85,66,64,1,46
487,1996.0,0.0,Kiên Giang,HTTT2014,HTTT,0,9.0,D480104,-1.0,-1.0,0.8402061855670104,0.5448916408668731,0.7510460251046025,8.12,7.85,7.08,7.71,0.0,6.9,0.0,0.0,0.3333333333333333,0.0,17,22,28,21,16,19,17,153.0,0.0,8.0,0.0,0.0,0.0,0.0,0.0,0.0,0.0,0.0,2,3,3,4,4,4,4,4,4,4,72,75,83,80,75,78,80,0,47
1119,1997.0,1.0,Bình Định,MMTT0001,MMT&TT,0,10.0,D480299,-1.0,-1.0,0.7845360824742269,0.6099071207430341,0.7489539748953975,6.44,5.52,6.07,6.52,0.0,8.3,0.0,0.0,0.3333333333333333,0.0,17,21,20,17,19,21,15,152.0,0.0,4.0,3.0,3.0,5.0,3.0,0.0,0.0,0.0,0.0,2,4,4,4,4,4,4,4,4,4,81,62,66,66,75,75,76,0,47
936,1997.0,1.0,Long An,CNTT0001,KTTT,0,10.0,D480201,-1.0,-1.0,0.8268041237113403,0.5335397316821465,0.8263598326359832,6.56,7.15,7.55,5.75,0.0,6.2,0.0,0.0,0.3333333333333333,0.0,13,17,24,28,24,18,17,139.0,0.0,8.0,0.0,8.0,0.0,0.0,0.0,0.0,0.0,0.0,2,2,2,2,2,2,4,4,4,4,83,77,70,80,85,80,75,0,47
703,1996.0,1.0,Thanh Hoá,KTMT2014,KTMT,0,9.0,D520214,-1.0,-1.0,0.7969072164948454,0.6377708978328174,0.9110878661087867,8.86,8.43,8.41,8.34,0.0,8.8,0.0,0.0,0.3333333333333333,0.0,13,24,23,20,15,22,14,148.0,0.0,8.0,0.0,0.0,0.0,0.0,0.0,0.0,0.0,0.0,2,2,2,3,4,4,4,4,4,4,79,72,94,85,66,80,90,1,47
1192,1997.0,1.0,Lâm Đồng,KTMT0001,KTMT,0,10.0,D520214,-1.0,-1.0,0.8247422680412372,0.73890608875129,0.865062761506276,7.73,7.99,8.48,8.71,0.0,8.2,0.0,0.0,0.3333333333333333,0.0,13,15,23,23,19,19,14,147.0,0.0,4.0,0.0,0.0,0.0,0.0,0.0,0.0,0.0,0.0,2,2,2,2,4,4,4,4,4,4,81,77,69,75,85,85,86,2,47
935,1997.0,1.0,Bình Định,HTTT0001,HTTT,0,10.0,D480104,-1.0,-1.0,0.8123711340206186,0.7760577915376677,0.801255230125523,7.05,6.9,6.87,7.63,0.0,0.0,0.0,0.0,0.0,0.0,13,24,22,21,20,19,16,153.0,0.0,0.0,0.0,0.0,0.0,0.0,0.0,0.0,0.0,0.0,2,2,2,2,4,4,4,4,4,4,89,81,64,76,76,80,81,1,48
430,1996.0,1.0,Quảng Ngãi,MTCL2014,KTMT,1,9.0,D520214,-1.0,-1.0,0.7835051546391752,0.7647058823529412,0.7876569037656904,8.06,8.83,8.2,8.32,0.0,0.0,0.0,0.0,0.0,0.0,24,21,24,16,16,15,18,149.0,0.0,0.0,0.0,0.0,0.0,0.0,0.0,0.0,0.0,0.0,2,3,3,4,4,4,4,4,4,4,82,80,72,77,81,84,90,1,48
2595,2000.0,1.0,Phú Yên,MMTT2018,MMT&TT,0,13.0,7480102,0.0,21.65,0.8288659793814432,0.7853457172342622,0.7991631799163179,7.47,7.6,8.21,8.11,0.0,0.0,0.0,0.0,0.0,0.0,16,21,17,23,20,16,10,137.0,0.0,0.0,0.0,0.0,0.0,0.0,0.0,0.0,0.0,0.0,0,1,1,2,3,3,3,3,3,3,83,83,83,83,93,100,100,1,48
3088,2001.0,1.0,Quảng Bình,KHTN2019,KHMT,3,14.0,D480101,0.0,25.3,0.8597938144329897,0.7956656346749227,0.760460251046025,8.47,8.21,7.86,8.56,0.0,0.0,0.0,0.0,0.0,0.0,15,17,26,25,18,7,14,128.0,0.0,0.0,2.0,0.0,0.0,0.0,8.0,0.0,0.0,0.0,2,2,2,2,2,2,2,2,2,2,90,97,89,86,100,99,90,1,48
3022,2001.0,1.0,Quảng Trị,CNTT2019,KTTT,0,14.0,D480201,0.0,25.15,0.8340206185567011,0.8813209494324045,0.7332635983263598,8.0,7.87,7.86,7.68,0.0,0.0,0.0,0.0,0.0,0.0,20,17,20,18,19,14,11,116.0,0.0,0.0,0.0,0.0,0.0,0.0,0.0,0.0,0.0,0.0,2,2,2,2,3,3,3,3,3,3,97,99,100,81,99,83,74,1,48
107,1995.0,0.0,Lâm Đồng,CNTT2013,KTTT,0,8.0,D480201,0.0,23.0,0.7360824742268042,0.8513931888544892,0.8096234309623431,7.62,8.08,7.19,7.24,0.0,7.0,0.0,0.0,0.25,0.0,22,20,21,20,15,18,17,143.0,3.0,0.0,0.0,0.0,0.0,0.0,0.0,0.0,0.0,0.0,2,3,3,4,4,4,4,4,4,4,99,100,100,93,98,79,86,1,49
1649,1999.0,1.0,Phú Yên,KTPM2017,CNPM,0,12.0,D480103,4.0,-1.0,0.6958762886597939,0.8648090815273479,0.8838912133891212,7.59,7.94,7.91,6.2,0.0,8.5,0.0,0.0,0.25,0.0,20,23,21,19,23,18,11,144.0,4.0,0.0,0.0,0.0,0.0,0.0,2.0,0.0,0.0,0.0,2,4,4,4,4,4,4,4,4,4,76,85,91,90,93,84,72,1,49
1873,1999.0,1.0,Bình Thuận,HTTT2017,HTTT,0,12.0,D480104,0.0,25.0,0.731958762886598,0.8544891640866873,0.7751046025104602,7.75,8.0,8.4,7.97,0.0,6.3,0.0,0.0,0.3333333333333333,0.0,21,17,17,23,20,14,15,145.0,0.0,0.0,0.0,0.0,0.0,0.0,0.0,0.0,0.0,0.0,2,2,2,2,4,4,4,4,4,4,80,80,85,75,85,96,86,1,49
1756,1999.0,1.0,Gia Lai,KTPM2017,CNPM,0,12.0,D480103,0.0,28.0,0.8030927835051547,0.8792569659442725,0.9079497907949791,8.55,8.36,8.69,9.38,0.0,8.5,0.0,0.0,0.25,0.0,20,20,24,20,18,21,17,143.0,0.0,0.0,0.0,0.0,0.0,0.0,0.0,0.0,0.0,0.0,2,4,4,4,4,4,4,4,4,4,85,85,95,95,100,100,100,2,49
1663,1999.0,1.0,Quảng Nam,KTPM2017,CNPM,0,12.0,D480103,4.0,-1.0,0.8020618556701031,0.8307533539731683,0.7866108786610878,8.14,8.55,7.93,9.0,0.0,9.5,0.0,0.0,0.3333333333333333,0.0,20,23,21,22,16,16,16,143.0,0.0,3.0,4.0,0.0,0.0,2.0,0.0,0.0,0.0,0.0,2,4,4,4,4,4,4,4,4,4,80,75,76,85,96,100,91,1,49
